id,category,instruction,input,decoding_config,temperature,top_k,model_output,annotator_01,annotator_02,annotator_03,annotator_04,annotator_05,annotator_06,annotator_07,annotator_08,annotator_09,human_avg_score,human_score_std,llama3_run1,llama3_run2,llama3_run3,llama3_mean,llama3_std,qwen2_5_7b_run1,qwen2_5_7b_run2,qwen2_5_7b_run3,qwen2_5_7b_mean,qwen2_5_7b_std
0082f9d2,instruction_following,Translate the word 'please' into Japanese.,,low_temp,0.3,10,Please be kind.,13.0,12.0,0.0,18.0,14.0,13.0,16.0,14.0,14.0,12.666666666666666,5.07444578254611,41,41,41,41.0,0.0,21,21,21,21.0,0.0
00fb9d31,math,Convert 2 hours into minutes.,,high_temp,1.2,100,Two hours in two minutes = 3120.,0.0,6.0,8.0,6.0,0.0,1.0,0.0,3.0,0.0,2.6666666666666665,3.2015621187164247,20,20,20,20.0,0.0,21,21,21,21.0,0.0
036febe5,reasoning,"If today is Wednesday, what day will it be in 10 days?",,mid_temp,0.7,50,"Monday, October 23.",0.0,0.0,0.0,0.0,4.0,1.0,0.0,1.0,0.0,0.6666666666666666,1.3228756555322954,41,41,41,41.0,0.0,23,23,23,23.0,0.0
04da400d,math,What is the perimeter of a square with side length 6?,,low_temp,0.3,10,The perimeter of a square with side length 6 is 8 inches.,0.0,0.0,0.0,0.0,4.0,0.0,0.0,0.0,0.0,0.4444444444444444,1.3333333333333337,41,41,41,41.0,0.0,23,23,23,23.0,0.0
05092995,instruction_following,Give two tips for staying healthy during winter.,,mid_temp,0.7,50,"1. Keep your cold feet warm. In colder months, I often recommend wearing layers of insulation and staying in the shade during the colder months.
2. Look for natural light during the colder months. Look for natural light at night and make sure to keep your room lighted during the colder months",0.0,0.0,8.0,0.0,0.0,10.0,1.0,0.0,0.0,2.111111111111111,3.9510898637099,41,41,41,41.0,0.0,23,23,23,23.0,0.0
05b3c2ed,factual,What is the smallest planet in our solar system?,,low_temp,0.3,10,"The smallest planet in our solar system is about 6,700 miles (14,000 kilometers) across.",0.0,2.0,11.0,7.0,6.0,0.0,9.0,0.0,0.0,3.888888888888889,4.400126260814695,41,41,41,41.0,0.0,21,21,21,21.0,0.0
06323687,instruction_following,Explain what an API is in simple terms.,,high_temp,1.2,100,"An API refers to a set of algorithms and mechanisms that facilitate software development. Typically, a system uses the API to access and build services that are typically not available at a website and, at the end of the day, that services are not used. The API allows developers to build online services that are",9.0,18.0,10.0,7.0,15.0,7.0,12.0,10.0,9.0,10.77777777777778,3.666666666666666,41,41,41,41.0,0.0,21,21,21,21.0,0.0
06dacd16,math,What is 25% of 400?,,mid_temp,0.7,50,"25% of 400 is equal to 25,000 nuclear weapons.",0.0,10.0,0.0,0.0,1.0,2.0,5.0,4.0,0.0,2.4444444444444446,3.395258131243893,20,20,20,20.0,0.0,21,21,21,21.0,0.0
06ecd421,math,What is the sum of the first 5 even numbers?,,low_temp,0.3,10,The sum of the first 5 even numbers is 5^2 = 8.,0.0,1.0,12.0,1.0,0.0,6.0,0.0,0.0,3.0,2.555555555555556,4.065436972550156,41,41,41,41.0,0.0,21,21,21,21.0,0.0
06f08f36,factual,Who was the first President of the United States?,,high_temp,1.2,100,"Lincoln was the first President of the United States, who was one of the most influential and creative men in modern American history. He pushed the boundaries of what could be done in a given country, and encouraged Americans to interact with each other in times of need. He served as a national treasure for",0.0,8.0,2.0,0.0,0.0,4.0,1.0,10.0,0.0,2.7777777777777777,3.80058475033046,41,41,41,41.0,0.0,21,21,21,21.0,0.0
07c05104,writing,Rewrite this sentence to sound more persuasive.,Please consider donating to our cause.,high_temp,1.2,100,Giving helps. It can mean literally more to help maintain family and education in the community.,0.0,5.0,0.0,4.0,4.0,3.0,0.0,0.0,8.0,2.6666666666666665,2.8722813232690143,81,81,81,81.0,0.0,42,42,42,42.0,0.0
07de100c,reasoning,Why does ice melt faster in warm water than in cold water?,,low_temp,0.3,10,"The speed at which ice melts is dependent on the temperature of the water and the amount of water in the water. Heat from the sun causes the water to expand and contract, while cold water freezes at a faster rate. The faster the water freezes, the faster it freezes. When water freezes, it",0.0,0.0,11.0,1.0,0.0,0.0,0.0,0.0,5.0,1.8888888888888888,3.789605666967357,41,41,41,41.0,0.0,23,21,21,21.666666666666668,1.1547005383792515
094ecc40,reasoning,Why do we see lightning before hearing thunder?,,mid_temp,0.7,50,"The lightning before hearing thunder is caused by the Earth's magnetic field. As the Earth turns its axis, it shifts the atomic masses of the particles it encounters, making them more energetic and powerful. This movement causes lightning to flash, which can be seen in auroras, bright lights in the sky,",9.0,5.0,13.0,19.0,4.0,14.0,6.0,6.0,4.0,8.88888888888889,5.301991240195622,41,41,41,41.0,0.0,21,21,21,21.0,0.0
09b6cf06,factual,Who wrote the novel Pride and Prejudice?,,mid_temp,0.7,50,"Gloria Cartagena was a French woman who lived in the heart of Paris before she met her new husband. She is said to have been influenced by the novel and her life experiences are seen through the eyes of a woman who is often depicted as a person of extraordinary courage, ambition, and",10.0,16.0,17.0,13.0,17.0,3.0,10.0,12.0,16.0,12.666666666666666,4.58257569495584,20,20,20,20.0,0.0,0,0,0,0.0,0.0
0b8d02e4,instruction_following,List three common pets people keep at home.,,low_temp,0.3,10,"Dog: Dogs are the most common pet people keep at home. They are usually found in the backyard, in the living room, or in the living room. They are also the most likely to be seen outside of the house.",1.0,4.0,1.0,6.0,2.0,0.0,0.0,0.0,4.0,2.0,2.179449471770337,41,41,41,41.0,0.0,65,43,43,50.333333333333336,12.701705922171767
0c32d8da,math,Solve for y: y/3 + 2 = 7.,,mid_temp,0.7,50,3 = 7,0.0,5.0,10.0,0.0,9.0,0.0,0.0,1.0,0.0,2.7777777777777777,4.1466184348749096,20,20,20,20.0,0.0,21,21,21,21.0,0.0
0c4f7de7,reasoning,Explain why ice floats on water.,,mid_temp,0.7,50,"It is an ancient and reliable practice to place ice cubes on the shoreline of a pool or on the shoreline of the shoreline of a vessel when it is cold, as it will help the water to cool. This helps to maintain the buoyancy of the water and helps keep it warm while",5.0,7.0,21.0,5.0,0.0,6.0,2.0,0.0,4.0,5.555555555555555,6.306962642808166,21,21,21,21.0,0.0,21,21,21,21.0,0.0
0c9bba3a,math,Convert 10 kilometers to miles.,,mid_temp,0.7,50,"10 kilometers is equal to 848,872,552 miles.",0.0,9.0,0.0,1.0,0.0,7.0,1.0,0.0,0.0,2.0,3.4641016151377544,0,0,0,0.0,0.0,21,21,21,21.0,0.0
0cd5b4b7,factual,What is the boiling point of water in Celsius?,,low_temp,0.3,10,The boiling point of water in Celsius is 0.025 degrees Celsius.,0.0,3.0,6.0,0.0,4.0,4.0,0.0,0.0,0.0,1.8888888888888888,2.3687784005919825,0,0,0,0.0,0.0,21,21,21,21.0,0.0
0ed9123b,reasoning,"If today is Wednesday, what day will it be in 10 days?",,high_temp,1.2,100,"The 8th day of January could never be the same, but it is definitely early in the month giving chances to find peace of mind and relaxation before the sun sets on Wednesday. Enjoy it and be cheerful throughout!",0.0,0.0,2.0,1.0,6.0,5.0,7.0,7.0,0.0,3.111111111111111,3.100179206289712,20,20,20,20.0,0.0,0,21,21,14.0,12.12435565298214
0ee4ecb5,math,Convert 2 hours into minutes.,,mid_temp,0.7,50,2 hours is equal to 16 minutes.,0.0,0.0,5.0,7.0,0.0,0.0,0.0,0.0,0.0,1.3333333333333333,2.6925824035672523,61,61,61,61.0,0.0,21,21,21,21.0,0.0
102200a8,reasoning,Why does ice melt faster in warm water than in cold water?,,high_temp,1.2,100,"Temperature changes can have a huge effect on ice flow, as it freezes more rapidly. It releases a strong magnetic field to create hot and cold air closer to the surface. Increasing temperatures can also significantly improve the speed of the water - this can take place with cold air coming from the ocean, while hot",22.0,23.0,30.0,26.0,26.0,19.0,30.0,34.0,14.0,24.88888888888889,6.153138313991578,41,21,21,27.666666666666668,11.547005383792515,21,21,21,21.0,0.0
109140be,writing,Rewrite this sentence to remove the passive voice.,The window was broken by the storm.,low_temp,0.3,10,The storm was broken by the storm.,13.0,15.0,0.0,17.0,23.0,15.0,2.0,15.0,12.0,12.444444444444445,7.213028336127468,20,20,20,20.0,0.0,21,21,21,21.0,0.0
10f7968a,writing,Rewrite the following sentence to make it more concise.,"Due to the fact that it was raining, we decided to stay indoors.",high_temp,1.2,100,"We decided not to stay inside because of the risk of going down the street, getting lost in the clouds, and having to put on our sunglasses in such a hurry.",14.0,19.0,31.0,13.0,14.0,15.0,11.0,4.0,15.0,15.11111111111111,7.2014659001561006,20,20,20,20.0,0.0,21,21,21,21.0,0.0
110d04c5,instruction_following,Name three colors that are found in a rainbow.,,high_temp,1.2,100,"Eyes, Hair, Clothing, Hair",0.0,5.0,0.0,4.0,8.0,0.0,0.0,3.0,0.0,2.2222222222222223,2.948634335492356,20,20,20,20.0,0.0,21,21,21,21.0,0.0
1142039a,factual,In which country is the Eiffel Tower located?,,high_temp,1.2,100,"Eiffel Tower is located in Paris, France. Its name is derived from the French island l'Eiffel which is situated about 14 kilometers (6 miles) south of Camp Du Nuit, and is also known as Paris 
Eiffel is most regularly visited in the city of",50.0,45.0,51.0,54.0,49.0,46.0,49.0,54.0,43.0,49.0,3.8078865529319534,61,61,61,61.0,0.0,65,65,65,65.0,0.0
118a6e81,writing,Rewrite this sentence to remove the passive voice.,The window was broken by the storm.,mid_temp,0.7,50,The window was broken by the storm.,9.0,6.0,17.0,11.0,18.0,15.0,14.0,0.0,6.0,10.666666666666666,5.958187643906492,40,40,40,40.0,0.0,21,30,30,27.0,5.196152422706632
1208f288,math,Convert 10 kilometers to miles.,,high_temp,1.2,100,"10 kilometers has 64,110 kilometers of total traveled.",0.0,0.0,5.0,0.0,0.0,2.0,0.0,0.0,0.0,0.7777777777777778,1.7159383568311666,21,21,21,21.0,0.0,21,21,21,21.0,0.0
122d3fae,writing,Summarize the concept of photosynthesis in one sentence.,,high_temp,1.2,100,Photosynthesis is the process of producing oxygen for the atmosphere and a source of living and biotic organisms alike. It is the process by which the body responds to a foreign energy in order to make a significant contribution to the production of a certain chemical. The bodies of organisms dependent on the environment have a,5.0,1.0,7.0,4.0,3.0,5.0,0.0,7.0,11.0,4.777777777777778,3.3458099833141217,41,41,41,41.0,0.0,21,21,21,21.0,0.0
12687d9c,writing,Summarize the concept of photosynthesis in one sentence.,,low_temp,0.3,10,"Photosynthesis is the process by which plants, algae, and other organisms convert carbon dioxide into sugars, glucose, and other energy.",0.0,0.0,0.0,7.0,2.0,6.0,0.0,0.0,0.0,1.6666666666666667,2.8284271247461903,81,81,81,81.0,0.0,65,65,65,65.0,0.0
12f2c772,math,What is the sum of the first 10 odd numbers?,,low_temp,0.3,10,The sum of the first 10 odd numbers is 8.,0.0,0.0,0.0,2.0,7.0,3.0,0.0,10.0,0.0,2.4444444444444446,3.678012748452318,41,41,41,41.0,0.0,21,21,21,21.0,0.0
13646e60,factual,What gas do plants absorb from the atmosphere?,,low_temp,0.3,10,"Carbon dioxide and other gases in the atmosphere are absorbed by plants in the same way that water is absorbed by the ocean. Plants absorb carbon dioxide from the atmosphere by burning carbon dioxide-rich water, which is then released into the atmosphere. Plants also use carbon dioxide-rich water to convert sunlight into",45.0,44.0,36.0,59.0,47.0,38.0,35.0,40.0,45.0,43.22222222222222,7.31057073315377,41,41,41,41.0,0.0,23,21,21,21.666666666666668,1.1547005383792515
1571efe9,reasoning,Explain why ice floats on water.,,high_temp,1.2,100,"This is due to their high temperatures and the lack of sunlight in the atmosphere to provide even colder ocean temperatures. Ice floats in water make it difficult for organisms to spread or replicate, helping to compensate for the colder waters. Since every year the ocean temperatures increase, there is a tendency towards deeper ocean ice",15.0,22.0,17.0,14.0,18.0,16.0,15.0,10.0,5.0,14.666666666666666,4.847679857416329,41,41,41,41.0,0.0,21,21,21,21.0,0.0
1617b18a,factual,What is the longest river in the world?,,mid_temp,0.7,50,The longest river in the world is the Tigris.,0.0,3.0,0.0,1.0,1.0,3.0,0.0,0.0,3.0,1.2222222222222223,1.3944333775567928,41,41,41,41.0,0.0,21,21,21,21.0,0.0
16b3803b,instruction_following,Translate the word 'thank you' into Spanish.,,low_temp,0.3,10,Thank you for your support.,50.0,46.0,54.0,52.0,46.0,58.0,48.0,46.0,48.0,49.77777777777778,4.176654695380556,21,21,21,21.0,0.0,21,21,21,21.0,0.0
17ad171d,reasoning,Two trains start from the same station in opposite directions. How would you calculate the distance between them after 2 hours?,,low_temp,0.3,10,"Distance between trains is based on the distance between them, not the time it takes for them to reach each other.",0.0,0.0,7.0,1.0,5.0,0.0,0.0,0.0,0.0,1.4444444444444444,2.650995620097811,41,41,41,41.0,0.0,21,21,21,21.0,0.0
184a0fc3,math,What is 12 squared?,,mid_temp,0.7,50,12 squared is equal to 4.875 in square footage.,0.0,0.0,9.0,0.0,1.0,0.0,0.0,2.0,0.0,1.3333333333333333,2.958039891549808,20,20,20,20.0,0.0,21,21,21,21.0,0.0
1ad44118,math,What is 12 squared?,,high_temp,1.2,100,"12 squared is equal to 10^(10^2/2)^2 = 6.5 for X, and 8 is equal to 6.56 for Y, and 3 for X^3, so for X = 4,12 is equal to 9^(9/2)^2",0.0,0.0,0.0,3.0,0.0,2.0,0.0,4.0,0.0,1.0,1.5811388300841898,41,20,20,27.0,12.12435565298214,21,21,21,21.0,0.0
1c74349f,reasoning,"If all cats are animals and Tom is a cat, what can you conclude about Tom?",,mid_temp,0.7,50,"He is an amazing animal, with a loving and friendly personality. He is intelligent, energetic and is always smiling. He loves to maul people. He has a bright and bubbly personality, with a strong sense of humor, and is always smiling. He is also an excellent cook, making him",50.0,49.0,56.0,46.0,43.0,37.0,48.0,55.0,42.0,47.333333333333336,6.123724356957945,41,41,41,41.0,0.0,0,0,0,0.0,0.0
1d02073c,writing,Write a short caption for a photo of a sunset.,,low_temp,0.3,10,"The sun is setting on the horizon, setting on the horizon and setting on the horizon.",15.0,15.0,17.0,16.0,17.0,17.0,12.0,10.0,14.0,14.77777777777778,2.438123139721299,20,20,20,20.0,0.0,23,21,21,21.666666666666668,1.1547005383792515
1e199310,reasoning,"A shop sells apples in bags of 6. If someone buys 4 bags, how many apples do they have?",,mid_temp,0.7,50,"4 
1 
2 
3 
4 
5 
6 
7 
8 
9 
10 
11 
12 
13 
14 
15 
16 
17 
18 
19",0.0,2.0,14.0,2.0,4.0,7.0,2.0,0.0,0.0,3.4444444444444446,4.558264777059114,41,41,41,41.0,0.0,21,21,21,21.0,0.0
1e66e19d,math,What is 12 squared?,,low_temp,0.3,10,12 squared is equal to 12 × 12 = 12 × 8.,4.0,0.0,16.0,11.0,7.0,4.0,16.0,0.0,2.0,6.666666666666667,6.304760106459245,41,41,41,41.0,0.0,30,21,21,24.0,5.196152422706632
1e811718,math,Convert 3 kilograms to grams.,,mid_temp,0.7,50,3 kilograms = 3.2 grams.,0.0,0.0,1.0,0.0,0.0,7.0,1.0,1.0,0.0,1.1111111111111112,2.2607766610417563,41,41,41,41.0,0.0,21,21,21,21.0,0.0
220921fb,instruction_following,Explain what a firewall is in simple terms.,,mid_temp,0.7,50,"A firewall is a firewall that allows a user to access the internet using a computer's physical physical network. A firewall is designed to block access to the internet, preventing users from accessing resources or other potentially malicious content. A firewall is also used to restrict access to certain websites and services, such as file",12.0,10.0,21.0,15.0,11.0,15.0,6.0,7.0,8.0,11.666666666666666,4.743416490252569,41,41,41,41.0,0.0,23,23,23,23.0,0.0
223973a9,factual,Name the largest planet in our solar system.,,high_temp,1.2,100,"The largest planet seen in our Solar System is about 22,700 kilometers (14,560 miles) from Earth.",0.0,0.0,5.0,1.0,3.0,0.0,0.0,1.0,1.0,1.2222222222222223,1.7159383568311666,41,41,41,41.0,0.0,21,21,21,21.0,0.0
22b9a713,reasoning,All birds can fly. A penguin is a bird. Is the conclusion 'a penguin can fly' valid? Explain.,,high_temp,1.2,100,"True. At least one species of penguin actually can fly. They are arboreal penguins made up primarily of long, curved bamboo and have a short, thin front, making them ideal for lounging in rocks or on a water tank. Other species of penguins include the penguin",50.0,38.0,56.0,51.0,49.0,41.0,39.0,54.0,42.0,46.66666666666666,6.745368781616021,20,20,20,20.0,0.0,21,21,21,21.0,0.0
22e78c64,writing,Write a short greeting for a birthday card.,,mid_temp,0.7,50,"Dear Birthday Card Fans,

I would like to express my deepest appreciation for all of you who have made this year's card a success. I hope you enjoy it for as long as it lasts. I can't wait to get to work this summer and look forward to the summer of growing up",17.0,18.0,23.0,17.0,24.0,21.0,26.0,25.0,12.0,20.33333333333333,4.636809247747852,41,41,41,41.0,0.0,21,21,21,21.0,0.0
25748465,writing,Write a short congratulatory message for a graduation.,,low_temp,0.3,10,I am so excited to be graduating from college this year. I am so grateful for the opportunity to be part of something so special. I look forward to continuing to learn and grow as I strive to become a better person. Thank you for your continued support and encouragement.,0.0,2.0,0.0,0.0,5.0,0.0,0.0,2.0,0.0,1.0,1.7320508075688772,81,81,81,81.0,0.0,21,21,21,21.0,0.0
25f73f85,reasoning,A farmer has 3 chickens and buys 5 more. How many chickens does he have now?,,high_temp,1.2,100,Three chickens is plenty. He still needs to buy more.,0.0,4.0,0.0,2.0,0.0,0.0,0.0,0.0,1.0,0.7777777777777778,1.3944333775567928,21,21,21,21.0,0.0,21,21,21,21.0,0.0
26e8d3f0,factual,What is the freezing point of water in Celsius?,,high_temp,1.2,100,"The freezing point of water can vary widely depending on individual country. Caves of varying temperatures in several countries can be traced to tiny lakes frozen in frozen ice near the equator, and lakes near the poles can generally freeze to near-freezing temperatures. Even the coldest regions of the sun have",0.0,0.0,14.0,0.0,0.0,0.0,4.0,2.0,0.0,2.2222222222222223,4.630814663149936,20,20,20,20.0,0.0,0,0,0,0.0,0.0
27e00927,factual,Who developed the theory of relativity?,,low_temp,0.3,10,"The theory of relativity was first proposed by Einstein in 1848. He proposed that the laws of motion of the universe are independent of each other, and that the laws of nature are independent of each other. He also proposed that the laws of nature are not necessarily the same everywhere, and that the laws",18.0,14.0,12.0,17.0,16.0,19.0,15.0,14.0,15.0,15.555555555555555,2.185812841434,41,41,41,41.0,0.0,21,21,21,21.0,0.0
294588eb,instruction_following,List two ways to save water at home.,,mid_temp,0.7,50,"1. Make sure to use a water-efficient source of water. 
2. Use an anti-bacterial and anti-bacterial soap and water. 
3. Use reusable bottles and reusable water bottles to keep water at home. 
4. Keep cooking in a pot or",32.0,21.0,42.0,28.0,40.0,43.0,31.0,32.0,28.0,33.0,7.33143914930759,41,41,41,41.0,0.0,42,42,42,42.0,0.0
2956fcfb,instruction_following,Translate the word 'please' into Japanese.,,high_temp,1.2,100,I am so sorry.,0.0,0.0,4.0,0.0,0.0,0.0,4.0,0.0,3.0,1.2222222222222223,1.855921454276674,20,20,20,20.0,0.0,21,21,21,21.0,0.0
2ae184b0,factual,What is the chemical symbol for gold?,,mid_temp,0.7,50,The chemical symbol for gold is G^2.,0.0,6.0,0.0,0.0,10.0,3.0,0.0,0.0,1.0,2.2222222222222223,3.562926387738658,20,20,20,20.0,0.0,21,21,21,21.0,0.0
2b72bfec,math,What is the square root of 144?,,high_temp,1.2,100,"144 = 1, 036.",0.0,4.0,15.0,1.0,0.0,0.0,0.0,0.0,0.0,2.2222222222222223,4.9693505052918585,41,41,41,41.0,0.0,21,21,21,21.0,0.0
2c417563,reasoning,"If Sarah is older than Tom, and Tom is older than Mike, who is the youngest?",,mid_temp,0.7,50,Sarah is not the oldest.,0.0,0.0,0.0,2.0,0.0,0.0,5.0,3.0,2.0,1.3333333333333333,1.8027756377319943,41,41,41,41.0,0.0,21,21,21,21.0,0.0
2c6a8f9a,reasoning,Explain why the sky appears blue during the day.,,mid_temp,0.7,50,"The sky appears blue during the day due to the rotation of the Earth, which is the amount of sunlight entering the Earth's atmosphere. The blue coloration also has a calming effect on the eye, which helps reduce stress and anxiety.",17.0,17.0,18.0,15.0,25.0,16.0,19.0,15.0,15.0,17.444444444444443,3.166666666666667,41,41,41,41.0,0.0,23,23,23,23.0,0.0
2d0d2efe,reasoning,A farmer has 3 chickens and buys 5 more. How many chickens does he have now?,,mid_temp,0.7,50,Three chickens and 5 more can be bought at the same time.,0.0,2.0,9.0,0.0,0.0,4.0,5.0,5.0,0.0,2.7777777777777777,3.1928740101113364,21,21,21,21.0,0.0,21,21,21,21.0,0.0
2f6d28cf,math,Solve for x: 5x = 45.,,low_temp,0.3,10,5x = 45 is equal to 5x + 5x = 15.,0.0,0.0,0.0,4.0,0.0,0.0,4.0,0.0,0.0,0.8888888888888888,1.7638342073763935,41,41,41,41.0,0.0,21,21,21,21.0,0.0
3025529d,writing,Rewrite this sentence using a metaphor.,She was very happy.,high_temp,1.2,100,She is always smiling and smiling.,0.0,0.0,2.0,4.0,6.0,0.0,0.0,1.0,8.0,2.333333333333333,3.0,41,41,41,41.0,0.0,65,65,65,65.0,0.0
303101a2,reasoning,"If Sarah is older than Tom, and Tom is older than Mike, who is the youngest?",,high_temp,1.2,100,"Overall, the youngest is Matthew. Matthew had a long gray beard with a somewhat emaciated expression and his face was otherwise somewhat human due to his slightly aged manner. His eyebrows were set low, which made him even more likely to recognize people. Tom was also taller than him and despite his lower",0.0,0.0,6.0,3.0,2.0,0.0,5.0,0.0,0.0,1.7777777777777777,2.386303510546059,41,41,41,41.0,0.0,0,0,0,0.0,0.0
3083ec84,instruction_following,Translate the word 'hello' into French.,,low_temp,0.3,10,"Hello, welcome to my website! I'm here to help you!",0.0,3.0,12.0,0.0,1.0,4.0,1.0,0.0,0.0,2.333333333333333,3.905124837953327,0,0,0,0.0,0.0,21,21,21,21.0,0.0
31f883f5,instruction_following,Explain what a firewall is in simple terms.,,low_temp,0.3,10,"A firewall is a firewall that separates traffic from other systems and allows for easy access to sensitive data. It is designed to block malicious traffic and prevents malicious traffic from reaching the network. It also prevents malicious traffic from reaching the internet itself, where it is more likely to be intercepted and used to target other",14.0,15.0,10.0,21.0,18.0,20.0,8.0,10.0,17.0,14.77777777777778,4.65772953749404,41,41,41,41.0,0.0,23,23,23,23.0,0.0
3203eab7,writing,Rewrite the following sentence to make it more concise.,"Due to the fact that it was raining, we decided to stay indoors.",mid_temp,0.7,50,"The rain was already falling on the outside, making it difficult to stay up.",12.0,17.0,8.0,11.0,10.0,8.0,13.0,11.0,9.0,11.0,2.8284271247461903,41,41,41,41.0,0.0,21,21,21,21.0,0.0
3315e6d6,writing,Write a one-sentence summary of a rainy day.,,high_temp,1.2,100,I'm alive.,0.0,0.0,0.0,1.0,3.0,4.0,8.0,1.0,0.0,1.8888888888888888,2.7131367660166177,0,0,0,0.0,0.0,0,0,0,0.0,0.0
339d129b,instruction_following,Translate the word 'hello' into French.,,high_temp,1.2,100,"Ago de Paris est départ: ""Yes, I'm here.""",0.0,1.0,0.0,0.0,0.0,4.0,0.0,0.0,0.0,0.5555555555555556,1.3333333333333337,20,20,20,20.0,0.0,0,0,0,0.0,0.0
3477a28f,writing,Write a short farewell message for a coworker leaving the company.,,low_temp,0.3,10,I'm so grateful to have had the opportunity to work with you for years. I know you will be a great addition to our team and will help us grow. I know you will be a great addition to our team and will help us find new opportunities.,50.0,55.0,50.0,52.0,45.0,49.0,54.0,57.0,45.0,50.77777777777778,4.176654695380556,61,61,61,61.0,0.0,65,65,65,65.0,0.0
382e7540,instruction_following,List three benefits of regular exercise.,,mid_temp,0.7,50,"1. Regular exercise can help to reduce stress and reduce fatigue. Regular exercise can help to reduce stress and reduce fatigue by increasing energy intake, increasing physical activity, and maintaining a healthy weight. Regular physical activity can also help to increase productivity and physical fitness.
2. Regular physical activity can reduce anxiety",79.0,69.0,69.0,75.0,78.0,76.0,82.0,77.0,77.0,75.77777777777777,4.3237072570242825,61,61,61,61.0,0.0,21,21,21,21.0,0.0
397051a0,instruction_following,Translate the word 'goodbye' into German.,,high_temp,1.2,100,Joy: Goodbye,0.0,1.0,0.0,5.0,0.0,2.0,0.0,1.0,0.0,1.0,1.6583123951777,20,21,21,20.666666666666668,0.5773502691896258,21,21,21,21.0,0.0
39e84a71,instruction_following,Give two tips for improving focus while studying.,,mid_temp,0.7,50,"1. Set aside time to focus on the task at hand, instead of just focusing on it.
2. Plan ahead to accomplish each task. Developing a plan should be easy, but it can take a few days to get going, so plan ahead and stick to it.",33.0,34.0,41.0,34.0,33.0,30.0,41.0,33.0,36.0,35.0,3.741657386773941,81,81,81,81.0,0.0,21,21,21,21.0,0.0
3ab10d18,math,"What is the average of 4, 8, and 12?",,mid_temp,0.7,50,"The average of 4, 8, and 12 is 25.5 units.",0.0,0.0,7.0,6.0,0.0,2.0,0.0,0.0,7.0,2.4444444444444446,3.2446537223219645,81,81,81,81.0,0.0,21,21,21,21.0,0.0
3c221b69,reasoning,Why does ice melt faster in warm water than in cold water?,,mid_temp,0.7,50,"Cold water freezes at around 10 degrees Fahrenheit, while hot water freezes at around 300 degrees Fahrenheit. The colder the water, the faster the water boils. In colder water, the water boils faster than in warm water, which means that the boil rate is much higher. Therefore, hot water boils faster than",9.0,12.0,7.0,10.0,12.0,11.0,2.0,13.0,5.0,9.0,3.6742346141747673,21,21,21,21.0,0.0,21,21,21,21.0,0.0
3c90ee3f,reasoning,A train leaves at 3 PM and arrives at 6 PM. How long was the journey?,,high_temp,1.2,100,"For the journey from Tabor to Estadio Prudential, the trip took 22 days.",0.0,3.0,0.0,0.0,8.0,0.0,0.0,0.0,0.0,1.2222222222222223,2.7284509239574835,0,0,0,0.0,0.0,0,0,0,0.0,0.0
3c997cfe,reasoning,Why do we need to wear seatbelts in a moving car?,,mid_temp,0.7,50,"The most important thing to consider when buying a car is safety. The average person needs to regularly check their car for safety issues and make sure it is in good condition before purchasing. Additionally, it is important to have a safe and secure transportation system in place to safeguard your car when travelling. You should",19.0,18.0,16.0,20.0,23.0,17.0,18.0,10.0,20.0,17.88888888888889,3.5862391318916687,21,41,41,34.333333333333336,11.547005383792515,21,21,21,21.0,0.0
3d070026,instruction_following,Explain what cloud storage means in simple terms.,,high_temp,1.2,100,"Cloud storage is a cloud service that enables applications and services to be stored on a distributed, encrypted, shared, or replicated or deployed storage infrastructure. This capability allows applications and services to be organized in a scalable virtual machine environment and be quickly accessed, replicated, deployed, and updated quickly. With cloud storage",27.0,25.0,28.0,24.0,27.0,31.0,27.0,31.0,27.0,27.444444444444443,2.351122663277647,61,61,61,61.0,0.0,21,21,21,21.0,0.0
3e18c36d,instruction_following,Give one example of a renewable energy source.,,low_temp,0.3,10,"Renewable energy sources can be found in the following countries: China, India, Pakistan, and the United Arab Emirates.",15.0,21.0,5.0,22.0,18.0,15.0,7.0,14.0,12.0,14.333333333333334,5.744562646538029,41,41,41,41.0,0.0,21,21,21,21.0,0.0
3e909e2e,reasoning,Explain why a metal spoon feels colder than a wooden spoon at room temperature.,,mid_temp,0.7,50,"It is because the metals in a wooden spoon are extremely soft and don't stick to one another. Furthermore, the amount of force that is applied to the wooden spoon can be very large, making it difficult to separate the particles and help the spoon break up into smaller chunks. It is also important to",13.0,11.0,20.0,14.0,18.0,14.0,18.0,16.0,13.0,15.22222222222222,2.948634335492355,21,21,21,21.0,0.0,21,21,21,21.0,0.0
3ee2d173,math,What is 15% of 200?,,high_temp,1.2,100,"For the purposes of 15% of 200, four factors are: body mass index (BMI) + body mass index (BMI) + muscle density (BMD) + waist circumference and obesity.",0.0,1.0,0.0,3.0,11.0,0.0,0.0,0.0,2.0,1.8888888888888888,3.5862391318916687,20,20,20,20.0,0.0,0,0,0,0.0,0.0
3fed0b3c,writing,Rewrite this sentence to sound more persuasive.,Please consider donating to our cause.,low_temp,0.3,10,"Donating is a great way to help the cause of animal welfare. It can help to have a sense of community and connection with animals, and it can also help to build a sense of community and connection with other animals.",25.0,21.0,16.0,27.0,25.0,24.0,26.0,25.0,22.0,23.444444444444443,3.358240279934981,41,41,41,41.0,0.0,43,42,42,42.333333333333336,0.5773502691896258
4221998d,factual,What is the tallest mountain in the world?,,mid_temp,0.7,50,"The tallest mountain in the world is Everest, located in Nepal.",100.0,100.0,100.0,100.0,100.0,98.0,91.0,100.0,96.0,98.33333333333331,3.0822070014844885,81,81,81,81.0,0.0,85,85,85,85.0,0.0
43042cf8,reasoning,"If today is Wednesday, what day will it be in 10 days?",,low_temp,0.3,10,10 days is equal to 10 days in 10 years.,0.0,0.0,11.0,4.0,0.0,1.0,2.0,0.0,0.0,2.0,3.640054944640259,21,21,21,21.0,0.0,21,0,0,7.0,12.12435565298214
434aff3b,math,What is 7 multiplied by 9?,,high_temp,1.2,100,"7 is 6.3311, 8 is 6.2537 and 9 is 692.3641. All 7 numbers are equal.",0.0,12.0,1.0,2.0,0.0,0.0,4.0,2.0,4.0,2.7777777777777777,3.8005847503304593,20,20,20,20.0,0.0,0,0,0,0.0,0.0
44192a57,reasoning,"If a plant is kept in a dark room, what will happen to it over time?",,low_temp,0.3,10,"The plants will eventually die out, and the plants will be replaced by new plants.",12.0,4.0,18.0,18.0,12.0,13.0,13.0,10.0,8.0,12.0,4.444097208657794,41,41,41,41.0,0.0,23,23,23,23.0,0.0
45aa6d73,writing,Write a one-sentence summary of a rainy day.,,low_temp,0.3,10,"It was a sunny day in the city, with the sun setting on the horizon and the wind blowing slowly in the direction of the city. A few blocks away, a group of people were gathering around a campfire, eager to experience the sights and sounds of nature. As they settled in, the",17.0,23.0,1.0,20.0,18.0,21.0,18.0,10.0,22.0,16.666666666666668,7.0,20,20,20,20.0,0.0,0,0,0,0.0,0.0
48dab88c,instruction_following,List three ingredients commonly used in an Italian pasta dish.,,low_temp,0.3,10,"Italian pasta is made with vegetables, pasta, pasta sauce, and garlic.",50.0,51.0,44.0,46.0,52.0,63.0,46.0,43.0,44.0,48.77777777777778,6.26054665699765,21,21,21,21.0,0.0,23,23,23,23.0,0.0
4928f457,factual,Who wrote the play Romeo and Juliet?,,high_temp,1.2,100,"Opinion:
The play Romeo and Juliet was written by Rian de Cervantes for the Italian edition of the French National Theatre.",5.0,6.0,7.0,6.0,0.0,3.0,0.0,6.0,3.0,4.0,2.6457513110645907,21,21,21,21.0,0.0,23,23,23,23.0,0.0
4a867501,writing,Write a short description of a busy city street.,,mid_temp,0.7,50,"The busy streets of Tokyo are often located on busy streets, with people walking or shopping in the vicinity. As the years progress, the streets become more congested, with people walking across busy streets for more than two hours a day. Some popular spots in Tokyo include the Tokyo Metropolitan Convention Center, the",20.0,17.0,15.0,22.0,17.0,35.0,24.0,16.0,20.0,20.666666666666668,6.123724356957944,41,41,41,41.0,0.0,43,43,43,43.0,0.0
4ac8795c,writing,Rewrite this sentence to sound more formal.,"Hey, can you send me that file ASAP?",high_temp,1.2,100,"Yes, you can send me that! Just send me the email with the ID and my details (ie, what file you are sending me) as well as the date and time when it will be available on your computer. It will most likely take two to three weeks.",31.0,38.0,31.0,34.0,26.0,41.0,39.0,29.0,28.0,33.0,5.291502622129181,61,61,61,61.0,0.0,23,23,23,23.0,0.0
4bab1b88,factual,What language is primarily spoken in Brazil?,,mid_temp,0.7,50,Brasilia is the language spoken in Brazil.,0.0,0.0,2.0,1.0,5.0,9.0,0.0,0.0,3.0,2.2222222222222223,3.0731814857642963,20,20,20,20.0,0.0,23,23,23,23.0,0.0
4c0e5809,instruction_following,List three ingredients commonly used in an Italian pasta dish.,,mid_temp,0.7,50,"Freshly ground beef, seasoned with olive oil and Parmesan.",21.0,20.0,25.0,17.0,21.0,22.0,23.0,16.0,25.0,21.11111111111111,3.140240613569462,41,41,41,41.0,0.0,21,21,21,21.0,0.0
4c6bd5c5,math,"If a rectangle has length 8 and width 5, what is its area?",,high_temp,1.2,100,Area is the square between the inner half of the rectangle and the perimeter lines.,1.0,0.0,1.0,2.0,0.0,0.0,0.0,4.0,0.0,0.8888888888888888,1.3642254619787415,20,20,20,20.0,0.0,0,0,0,0.0,0.0
4dcc68ac,instruction_following,Name two famous landmarks in Europe.,,mid_temp,0.7,50,"Nordic cities such as Paris, Berlin, and Warsaw are famous for their architecture, architecture, and architecture-inspired architecture.",6.0,4.0,6.0,1.0,4.0,5.0,5.0,6.0,11.0,5.333333333333333,2.6457513110645907,20,20,20,20.0,0.0,21,21,21,21.0,0.0
4e479e8e,instruction_following,Give one tip for saving money each month.,,high_temp,1.2,100,"Avoid marketing campaigns heavily inspired by a particular business slogan. Poor marketing campaigns, when they spread more fear and make people less likely to stick with the product, often encourage users to go on another spending spree.",27.0,25.0,29.0,22.0,27.0,25.0,40.0,29.0,24.0,27.55555555555556,5.198824653494074,41,41,41,41.0,0.0,21,21,21,21.0,0.0
4f3f3eab,writing,Rewrite this sentence in the passive voice.,The chef cooked the meal.,low_temp,0.3,10,The chef cooked the meal.,0.0,1.0,7.0,0.0,0.0,0.0,4.0,6.0,0.0,2.0,2.8722813232690143,0,0,0,0.0,0.0,21,21,21,21.0,0.0
4f55dda5,reasoning,"If all squares are rectangles, is every rectangle a square? Explain.",,high_temp,1.2,100,"Conceptually, all of the squares could be considered square if all the squares are drawn on one side, and are necessarily shown in space, where each corresponding color is on the entire rectangle. However, if all two sides are drawn on the same side, the potential shape of each of the squares",25.0,30.0,27.0,27.0,25.0,24.0,30.0,26.0,28.0,26.88888888888889,2.1473497877875207,41,41,41,41.0,0.0,21,21,21,21.0,0.0
50efb7c3,reasoning,Why do we see lightning before hearing thunder?,,high_temp,1.2,100,"Joyous thunder comes in many different flavors. It has hundreds of degrees of force and can produce a strong roar when it strikes. It can also have a loud shout when it strikes. Electricity is also a powerful source of lightning that is often felt in the U.S., with people feeling extremely energetic",11.0,10.0,17.0,13.0,11.0,5.0,5.0,17.0,5.0,10.444444444444445,4.772607021092117,20,20,20,20.0,0.0,0,0,0,0.0,0.0
516d23ee,reasoning,"A shop sells apples in bags of 6. If someone buys 4 bags, how many apples do they have?",,high_temp,1.2,100,"4 bags is enough for 0.0036 percent probability for the one picked. If each bag contains 2 apples, each 64-74 nut weighs 68 grams. Shipping allows 11.72 ounces worldwide which is equal to 67 grams for every ounce of apple taken in.",0.0,0.0,0.0,0.0,2.0,0.0,0.0,0.0,2.0,0.4444444444444444,0.8819171036881969,21,21,21,21.0,0.0,0,0,0,0.0,0.0
5377a51d,reasoning,Explain why the sky appears blue during the day.,,high_temp,1.2,100,"The sky appears blue in terms of both wavelengths of light, compared to white during the night. The red and blue light rays at the X-axis are smaller in total wavelength, whereas the orange and yellow changes in total distance. Additionally, most visible objects on the celestial body have higher spatial energy levels",16.0,12.0,18.0,22.0,13.0,18.0,13.0,13.0,16.0,15.666666666666666,3.2787192621510006,41,41,41,41.0,0.0,21,23,23,22.333333333333332,1.1547005383792515
542cb11a,reasoning,"If a plant is kept in a dark room, what will happen to it over time?",,high_temp,1.2,100,"One of the main reasons plants become much less attractive to some people at night can be because light traps too dense on the plants foliage, making them taller, which reduces their light potential, creating a hard light build up on the plants eyes, making them less colorful and a less effective sight for regular people",14.0,10.0,13.0,12.0,16.0,10.0,20.0,10.0,17.0,13.555555555555555,3.5394600969325505,21,21,21,21.0,0.0,0,0,0,0.0,0.0
5580006f,instruction_following,Explain what an API is in simple terms.,,low_temp,0.3,10,"An API is a set of rules and procedures used to access data from a website, such as the website's contact information, the user's contact information, and the user's contact information for the website. The API is used to access data from websites, allowing users to send and receive data from the",6.0,0.0,2.0,5.0,10.0,8.0,0.0,4.0,3.0,4.222222222222222,3.419714088113865,41,41,41,41.0,0.0,23,23,23,23.0,0.0
56e71ba3,writing,Rewrite the following paragraph to remove repetition.,The dog ran fast. The dog was happy. The dog barked loudly.,high_temp,1.2,100,"The answer is, ""The dog ran fast."" It's interesting to note that it was followed by three individual calls per second. We also have two sets of numbers representing the rate of run speed (a measure of progress), and we can also use our own experience to compare and contrast on this basis",11.0,7.0,22.0,7.0,12.0,15.0,0.0,9.0,9.0,10.22222222222222,6.057593948462083,41,41,41,41.0,0.0,0,0,0,0.0,0.0
5717336b,instruction_following,Give one example of a renewable energy source.,,high_temp,1.2,100,"Renewable energy has several uses. It is being used in cars and energy storage systems to power homes and transform waste into energy when needed. Clean energy accounts for around one in four U.S. homes, making renewable energy an important energy savings vehicle for many families across the United States.",15.0,11.0,20.0,12.0,22.0,18.0,6.0,12.0,10.0,14.0,5.172040216394301,41,41,41,41.0,0.0,21,21,21,21.0,0.0
575efa0b,factual,What is the tallest mountain in the world?,,high_temp,1.2,100,The tallest mountain in the world is 1236 meters (350 m) high by 711 meters (807 ft).,0.0,0.0,15.0,4.0,1.0,6.0,0.0,0.0,7.0,3.6666666666666665,5.074445782546111,41,41,41,41.0,0.0,21,21,21,21.0,0.0
576f3d9f,instruction_following,Explain what recycling means in one sentence.,,high_temp,1.2,100,"Recycling allows us to recycle in multiple ways, each providing a unique experience for our environment. Each recycling process is complex but can make a huge impact in our lives. We make money and get through life's ups and downs with a simple and straightforward process. Recycling helps us save for",22.0,19.0,29.0,25.0,12.0,16.0,17.0,22.0,23.0,20.55555555555556,5.126185499743232,41,41,41,41.0,0.0,21,21,21,21.0,0.0
59434c49,writing,Write a short farewell message for a coworker leaving the company.,,mid_temp,0.7,50,I'm so happy to be here and I can't thank you enough. I'm so grateful for the opportunity to work with you and I can't wait to start making the most of it.,33.0,25.0,30.0,29.0,25.0,33.0,36.0,22.0,34.0,29.666666666666668,4.795831523312719,0,20,20,13.333333333333334,11.547005383792516,21,21,21,21.0,0.0
59c2f5d6,reasoning,Explain why a metal spoon feels colder than a wooden spoon at room temperature.,,low_temp,0.3,10,"A metal spoon feels colder than a wooden spoon at room temperature because of the presence of carbon dioxide in the air, which is absorbed by the spoon and causes it to spin. This causes the spoon to spin faster and the carbon dioxide in the air causes the carbon dioxide to scatter and the resulting colder air",10.0,11.0,19.0,10.0,3.0,16.0,6.0,16.0,9.0,11.11111111111111,5.109903238918631,21,21,21,21.0,0.0,0,0,0,0.0,0.0
5a4294eb,factual,Who developed the theory of relativity?,,mid_temp,0.7,50,"The theory of relativity is the theory of relativity created by Einstein and others in the late 1960s and early 1970s. The theory is based on the theory of relativity that states that the curvature of space is caused by the curvature of a planet, rather than by any particular force. This curv",33.0,35.0,39.0,44.0,42.0,35.0,31.0,35.0,24.0,35.333333333333336,5.979130371550699,41,41,41,41.0,0.0,21,21,21,21.0,0.0
5a7f0a33,factual,What is the largest ocean on Earth?,,high_temp,1.2,100,"The largest ocean on Earth is the Hapta system, with depth estimated at 8,100 kilometers (764 miles) above the ocean surface.",0.0,2.0,3.0,1.0,0.0,9.0,0.0,0.0,2.0,1.8888888888888888,2.891558595482912,20,20,20,20.0,0.0,21,21,21,21.0,0.0
5b2582f7,reasoning,"If all squares are rectangles, is every rectangle a square? Explain.",,low_temp,0.3,10,"Yes, every rectangle is a square.",100.0,100.0,98.0,100.0,100.0,100.0,90.0,88.0,98.0,97.11111111111111,4.702245326555295,20,41,41,34.0,12.12435565298214,21,21,21,21.0,0.0
5ba369d5,instruction_following,Name three colors that are found in a rainbow.,,mid_temp,0.7,50,"#1 is blue, #2 is red, and #3 is black.",0.0,3.0,6.0,1.0,0.0,0.0,0.0,1.0,0.0,1.2222222222222223,2.048034287907418,41,41,41,41.0,0.0,23,23,23,23.0,0.0
5c0e3be4,instruction_following,Name two famous landmarks in Europe.,,low_temp,0.3,10,Stadt-Etienne and the Stadt-Etienne Bridge.,13.0,18.0,15.0,12.0,17.0,16.0,12.0,10.0,11.0,13.77777777777778,2.81858908754796,20,20,20,20.0,0.0,23,23,23,23.0,0.0
5c6f6899,math,"What is the average of 4, 8, and 12?",,low_temp,0.3,10,"The average of 4, 8, and 12 is 5.5.",0.0,2.0,1.0,3.0,0.0,2.0,0.0,2.0,0.0,1.1111111111111112,1.1666666666666667,81,81,81,81.0,0.0,21,21,21,21.0,0.0
5ddaa131,reasoning,Two trains start from the same station in opposite directions. How would you calculate the distance between them after 2 hours?,,high_temp,1.2,100,"Using the distance of the two trains as evidence would have to be taken into account the person doing the calculation of the distance. Another consideration would be based on their race or age. After doing the math, it would end up being an overall rate of 3.74 to 4.61 in 5 minutes",10.0,18.0,15.0,13.0,8.0,14.0,5.0,8.0,8.0,11.0,4.21307488658818,20,20,20,20.0,0.0,0,0,0,0.0,0.0
5fae8d0d,math,Solve for x: 3x - 6 = 12.,,low_temp,0.3,10,Solution: 3x - 6 = 12.,0.0,11.0,0.0,0.0,0.0,1.0,2.0,3.0,1.0,2.0,3.5355339059327378,41,41,41,41.0,0.0,21,21,21,21.0,0.0
615e73b7,math,"What is 100 divided by 8, rounded to two decimal places?",,high_temp,1.2,100,"10 is equal to 17, rounded to 10 by double numbers.",1.0,2.0,2.0,4.0,4.0,0.0,0.0,0.0,4.0,1.8888888888888888,1.763834207376394,20,20,20,20.0,0.0,0,0,0,0.0,0.0
6261ff10,instruction_following,Name two benefits of reading books regularly.,,low_temp,0.3,10,"Reading books regularly can help you stay motivated, increase your self-confidence, and boost your self-esteem. It can also help you to stay motivated and build self-confidence.",41.0,27.0,55.0,36.0,52.0,54.0,34.0,48.0,34.0,42.333333333333336,10.23474474522936,61,61,61,61.0,0.0,21,21,21,21.0,0.0
64078af0,math,What is 7 multiplied by 9?,,low_temp,0.3,10,7 is equal to 9 + 1.,0.0,2.0,0.0,3.0,0.0,1.0,5.0,0.0,0.0,1.2222222222222223,1.7873008824606011,21,21,21,21.0,0.0,21,21,21,21.0,0.0
64cb6e5d,factual,What is the capital of Australia?,,low_temp,0.3,10,The Capital of Australia is the state capital of Australia.,0.0,0.0,5.0,2.0,0.0,0.0,8.0,0.0,0.0,1.6666666666666667,2.91547594742265,41,41,41,41.0,0.0,21,21,21,21.0,0.0
64cc4228,factual,Name the largest planet in our solar system.,,low_temp,0.3,10,The largest planet in our solar system is the Sun.,0.0,2.0,1.0,0.0,1.0,0.0,0.0,0.0,0.0,0.4444444444444444,0.7264831572567789,20,20,20,20.0,0.0,23,23,23,23.0,0.0
65d4ebf6,math,Solve for y: y/3 + 2 = 7.,,high_temp,1.2,100,"Consequently, given that 3 is 2, and 16 is 11, you need 2+9 = 0.0014 to reach y = 4. As you add up y + 2, y+2, and x^2, infinity is equal to 11. The approximate result is that there",0.0,0.0,13.0,0.0,1.0,6.0,0.0,0.0,9.0,3.2222222222222223,4.918784854457902,20,20,20,20.0,0.0,0,0,0,0.0,0.0
6615eb22,writing,Write a short description of a busy city street.,,low_temp,0.3,10,"The bustling streets of Tokyo, Tokyo, and Osaka are filled with people who flock to the streets for the fun of it.",0.0,0.0,2.0,2.0,0.0,0.0,0.0,0.0,0.0,0.4444444444444444,0.8819171036881969,41,41,41,41.0,0.0,63,42,42,49.0,12.12435565298214
66288094,reasoning,"If all cats are animals and Tom is a cat, what can you conclude about Tom?",,high_temp,1.2,100,"Mum, don't get me started on answering this question either. Let's be honest, Tom may not be as natural a cat as one might think! I don't believe it's possible to identify the true animal. I also believe in some kind of collective self-awareness and empathy for others",0.0,0.0,17.0,0.0,0.0,0.0,1.0,3.0,0.0,2.333333333333333,5.5901699437494745,41,41,41,41.0,0.0,0,0,0,0.0,0.0
66be58eb,reasoning,"If it is raining, the ground gets wet. The ground is wet. Can we conclude it is raining? Explain.",,high_temp,1.2,100,"The rain does not necessarily indicate a lack of rain in the vicinity of the player. It can be caused by elements such as sand, concrete, water, and other factors.",0.0,0.0,0.0,2.0,0.0,0.0,0.0,0.0,0.0,0.2222222222222222,0.6666666666666667,20,20,20,20.0,0.0,21,21,21,21.0,0.0
66cb4422,writing,Rewrite the following sentence to make it more concise.,"Due to the fact that it was raining, we decided to stay indoors.",low_temp,0.3,10,"The rain was falling hard, and we decided to stay outside.",14.0,20.0,12.0,16.0,15.0,17.0,9.0,11.0,13.0,14.11111111111111,3.333333333333334,20,20,20,20.0,0.0,23,21,21,21.666666666666668,1.1547005383792515
6711d216,reasoning,"If all cats are animals and Tom is a cat, what can you conclude about Tom?",,low_temp,0.3,10,Tom is a cat.,100.0,98.0,90.0,100.0,100.0,97.0,99.0,97.0,97.0,97.55555555555556,3.126943839882286,41,41,41,41.0,0.0,21,21,21,21.0,0.0
678a678d,writing,Rewrite this sentence to sound more formal.,"Hey, can you send me that file ASAP?",low_temp,0.3,10,"Yes, you can! Let me know!",9.0,9.0,17.0,11.0,6.0,11.0,1.0,9.0,9.0,9.11111111111111,4.255715111601235,41,41,41,41.0,0.0,23,23,23,23.0,0.0
6977765b,reasoning,Explain why the sky appears blue during the day.,,low_temp,0.3,10,"The sky appears blue during the day because of the sun's rays, which scatter the sky in a circular pattern. The sun's rays scatter the sky in a circle, creating a bright, circular sky. The colors of the sky are blue, violet, and white.",11.0,7.0,6.0,19.0,13.0,7.0,0.0,10.0,7.0,8.88888888888889,5.278362540704372,61,61,61,61.0,0.0,43,43,43,43.0,0.0
6b63a8d0,writing,Rewrite the following sentence in a more formal tone.,"That's awesome, thanks a lot!",mid_temp,0.7,50,It's definitely worth it.,33.0,34.0,37.0,28.0,26.0,32.0,35.0,34.0,33.0,32.44444444444444,3.4318767136623336,41,41,41,41.0,0.0,23,23,23,23.0,0.0
6c091e8f,math,"If a rectangle has length 8 and width 5, what is its area?",,low_temp,0.3,10,The area of the rectangle is 8.5x5.,16.0,20.0,7.0,13.0,11.0,11.0,7.0,16.0,13.0,12.666666666666666,4.272001872658765,41,41,41,41.0,0.0,21,21,21,21.0,0.0
6ca7cf89,factual,How many continents are there on Earth?,,high_temp,1.2,100,"Etymology: Worldly, from East and West.",0.0,5.0,0.0,6.0,0.0,1.0,0.0,0.0,0.0,1.3333333333333333,2.39791576165636,0,0,0,0.0,0.0,0,0,0,0.0,0.0
6ee442e1,instruction_following,Give two tips for improving focus while studying.,,low_temp,0.3,10,"1. Focus on the task at hand and the task at hand is the one you are trying to accomplish. Focus on the task at hand and the task at hand is the one you are trying to accomplish.
2. Take time to think and practice your skills. Take time to think about the",64.0,64.0,64.0,65.0,54.0,60.0,62.0,65.0,59.0,61.888888888888886,3.655285366576885,41,41,41,41.0,0.0,21,21,21,21.0,0.0
7174ea10,factual,What is the smallest planet in our solar system?,,high_temp,1.2,100,"Small planets are like tiny quarks. There are many smaller planetoids with much smaller atmospheres, like solar systems just a few light years away from Jupiter. Our planet is only about the size of a tennis court, with nearly 7,500 times the mass of Earth.",0.0,0.0,10.0,0.0,5.0,0.0,0.0,6.0,0.0,2.333333333333333,3.741657386773941,41,41,41,41.0,0.0,23,23,23,23.0,0.0
71ba1f8e,reasoning,"A shop sells apples in bags of 6. If someone buys 4 bags, how many apples do they have?",,low_temp,0.3,10,4 bags = 6 apples.,0.0,0.0,4.0,3.0,0.0,0.0,0.0,0.0,1.0,0.8888888888888888,1.536590742882148,41,41,41,41.0,0.0,21,21,21,21.0,0.0
7270f1da,math,What is the sum of the first 10 odd numbers?,,high_temp,1.2,100,The sum of the first ten numbers is 16.1378142 x 10^3+ (^2 - 548257213 + 880482506).,0.0,0.0,0.0,0.0,0.0,2.0,0.0,2.0,0.0,0.4444444444444444,0.8819171036881969,21,21,21,21.0,0.0,0,21,21,14.0,12.12435565298214
72881c69,reasoning,All birds can fly. A penguin is a bird. Is the conclusion 'a penguin can fly' valid? Explain.,,low_temp,0.3,10,"Yes, the conclusion ""a penguin can fly"" is valid. It is a valid conclusion because penguins are mammals, and they are able to fly. They are also known to have a range of different habitats, including in the Antarctic, in which to live.",68.0,75.0,65.0,67.0,56.0,69.0,70.0,72.0,71.0,68.11111111111111,5.395471352079549,20,20,20,20.0,0.0,21,21,21,21.0,0.0
73652d38,math,What is 30% of 150?,,high_temp,1.2,100,"For starters, 75% of 150 is equal to 25x30% of 150.",0.0,1.0,5.0,1.0,3.0,0.0,0.0,4.0,0.0,1.5555555555555556,1.9436506316151003,81,81,81,81.0,0.0,21,21,21,21.0,0.0
74599c1d,reasoning,A car travels 60 miles in 1 hour. How far will it travel in 3 hours at the same speed?,,low_temp,0.3,10,The car will travel in 3 hours at the same speed as the average person.,6.0,2.0,9.0,11.0,9.0,2.0,0.0,0.0,4.0,4.777777777777778,4.1466184348749096,21,21,21,21.0,0.0,21,21,21,21.0,0.0
74768135,factual,How many continents are there on Earth?,,low_temp,0.3,10,"There are approximately 8,000,000,000,000,000,000,000,000,000,000,000,000,000,000,000,000,000,000,000,000,000,000,000,000,000,000,000,000",0.0,0.0,0.0,3.0,10.0,6.0,0.0,3.0,0.0,2.4444444444444446,3.53946009693255,0,0,0,0.0,0.0,0,0,0,0.0,0.0
747d55c9,reasoning,"If it is raining, the ground gets wet. The ground is wet. Can we conclude it is raining? Explain.",,low_temp,0.3,10,"Yes, the ground is wet.",10.0,7.0,24.0,13.0,15.0,16.0,11.0,11.0,8.0,12.77777777777778,5.142416206847171,41,41,41,41.0,0.0,21,21,21,21.0,0.0
7543ef99,reasoning,"If all squares are rectangles, is every rectangle a square? Explain.",,mid_temp,0.7,50,"Yes, every rectangle is a square.",100.0,100.0,99.0,98.0,100.0,100.0,100.0,100.0,97.0,99.33333333333331,1.118033988749895,20,41,41,34.0,12.12435565298214,21,21,21,21.0,0.0
7567b9b0,math,Convert 3 kilograms to grams.,,high_temp,1.2,100,To convert 3 kilograms to grams is 2511,2.0,3.0,1.0,5.0,6.0,3.0,3.0,7.0,8.0,4.222222222222222,2.386303510546059,41,41,41,41.0,0.0,21,21,21,21.0,0.0
765f7b06,math,What is the square root of 144?,,mid_temp,0.7,50,144 is equal to 128.,0.0,4.0,0.0,6.0,0.0,0.0,0.0,0.0,1.0,1.2222222222222223,2.223610677354389,20,20,20,20.0,0.0,20,21,21,20.666666666666668,0.5773502691896258
78354c00,factual,What is the capital of Australia?,,high_temp,1.2,100,Australian Capital Territory,0.0,0.0,1.0,2.0,1.0,2.0,6.0,2.0,0.0,1.5555555555555556,1.8782379449307745,61,61,61,61.0,0.0,20,20,20,20.0,0.0
792f0226,math,What is the square root of 144?,,low_temp,0.3,10,The square root of 144 is 15.,0.0,6.0,8.0,0.0,6.0,4.0,1.0,0.0,4.0,3.2222222222222223,3.073181485764296,81,81,81,81.0,0.0,21,21,21,21.0,0.0
7afdf801,reasoning,Explain why a metal spoon feels colder than a wooden spoon at room temperature.,,high_temp,1.2,100,"A metal spoon feels colder than a wooden spoon at room temperature because of the irregular contact of the stem of the handle. It is best to use a different type of wooden spoon depending on your taste preferences. When preparing your food, there are two major components of your ingredients that become important to keep it",37.0,42.0,32.0,41.0,47.0,31.0,37.0,41.0,41.0,38.77777777777778,5.068968775248517,41,41,41,41.0,0.0,21,21,21,21.0,0.0
7c07ba03,factual,What is the boiling point of water in Celsius?,,mid_temp,0.7,50,The boiling point of water in Celsius is 0.74 degrees Celsius.,0.0,0.0,12.0,0.0,0.0,2.0,0.0,0.0,0.0,1.5555555555555556,3.9721250959376615,20,20,20,20.0,0.0,23,21,21,21.666666666666668,1.1547005383792515
7d94da8e,writing,Rewrite this sentence to sound more formal.,"Hey, can you send me that file ASAP?",mid_temp,0.7,50,"Yes, of course!",9.0,19.0,19.0,9.0,7.0,9.0,14.0,13.0,8.0,11.88888888888889,4.621808207954016,41,41,41,41.0,0.0,21,21,21,21.0,0.0
7eaa6813,instruction_following,Translate the word 'hello' into French.,,mid_temp,0.7,50,"Hello, welcome to our website!",3.0,0.0,0.0,0.0,11.0,5.0,2.0,2.0,1.0,2.6666666666666665,3.5355339059327378,20,20,20,20.0,0.0,21,21,21,21.0,0.0
7f7451d8,factual,What is the tallest mountain in the world?,,low_temp,0.3,10,The tallest mountain in the world is Everest.,7.0,6.0,12.0,13.0,7.0,5.0,0.0,9.0,3.0,6.888888888888889,4.106228331584973,81,81,81,81.0,0.0,85,85,85,85.0,0.0
7fcc9019,instruction_following,Give one tip for saving money each month.,,low_temp,0.3,10,"One tip for saving money each month is to consider using a savings account when making payments. Savings accounts can be used to store your money and make sure it is safe and secure. Additionally, you can use a savings account to purchase goods and services, such as CDs, DVDs, and other digital media",0.0,0.0,9.0,4.0,6.0,0.0,0.0,3.0,1.0,2.555555555555556,3.244653722321964,41,41,41,41.0,0.0,21,21,21,21.0,0.0
80c02411,math,What is 15% of 200?,,mid_temp,0.7,50,"15% of 200 is equal to 1,200,000 points.",0.0,0.0,4.0,2.0,4.0,5.0,2.0,0.0,0.0,1.8888888888888888,2.0275875100994063,0,0,0,0.0,0.0,21,21,21,21.0,0.0
80f98e77,writing,Write a short greeting for a birthday card.,,low_temp,0.3,10,"Dear Birthday Card Readers,
Happy Birthday!",14.0,24.0,18.0,10.0,12.0,22.0,1.0,13.0,10.0,13.77777777777778,6.942221866552844,81,81,81,81.0,0.0,85,85,85,85.0,0.0
816bf4fa,instruction_following,Translate the word 'goodbye' into German.,,low_temp,0.3,10,Goodbye is a verb that means to stay in good spirits.,0.0,2.0,18.0,0.0,3.0,0.0,4.0,0.0,3.0,3.333333333333333,5.722761571129798,21,21,21,21.0,0.0,21,21,21,21.0,0.0
823b5f4a,writing,Rewrite the following sentence in a more formal tone.,"That's awesome, thanks a lot!",high_temp,1.2,100,It could be improved if we kept using Google Docs and Word with more consistent use.,19.0,17.0,22.0,18.0,21.0,25.0,27.0,18.0,21.0,20.88888888888889,3.370624736026114,21,21,21,21.0,0.0,0,0,0,0.0,0.0
827308f9,writing,Write a short greeting for a birthday card.,,high_temp,1.2,100,"Be brave: life is full of possibilities, always have. Make it happen, stay inspired, and keep performing to make our lives happen.",0.0,9.0,3.0,1.0,4.0,0.0,0.0,0.0,0.0,1.8888888888888888,3.0595932917809696,41,41,41,41.0,0.0,21,21,21,21.0,0.0
82838862,writing,Rewrite this sentence using a metaphor.,She was very happy.,mid_temp,0.7,50,She was happy!,3.0,0.0,9.0,7.0,0.0,5.0,0.0,9.0,0.0,3.6666666666666665,3.937003937005905,20,20,20,20.0,0.0,21,21,21,21.0,0.0
839d58bf,reasoning,Why do we see lightning before hearing thunder?,,low_temp,0.3,10,"The lightning that strikes before a thunderstorm is caused by a combination of factors, such as the wind, rain, and lightning strikes. The lightning that strikes before a thunderstorm is caused by a combination of factors, such as the wind, rain, and lightning strikes.",9.0,8.0,7.0,10.0,20.0,14.0,8.0,11.0,11.0,10.88888888888889,4.013864859597432,20,20,20,20.0,0.0,21,21,21,21.0,0.0
83d983d2,writing,Write a one-sentence apology for being late to a meeting.,,low_temp,0.3,10,I was late to a meeting.,4.0,3.0,5.0,4.0,3.0,9.0,4.0,3.0,3.0,4.222222222222222,1.9220937657784656,41,61,61,54.333333333333336,11.547005383792515,65,65,65,65.0,0.0
85930be4,factual,What is the capital of Japan?,,high_temp,1.2,100,The Japanese capital of Japan is Sapporo.,0.0,0.0,0.0,0.0,3.0,3.0,1.0,0.0,6.0,1.4444444444444444,2.1278575558006176,20,20,20,20.0,0.0,20,20,20,20.0,0.0
85aa1b8f,writing,Write a short caption for a photo of a sunset.,,high_temp,1.2,100,Nature's Funland,10.0,19.0,30.0,14.0,16.0,2.0,7.0,3.0,10.0,12.333333333333334,8.703447592764604,20,20,20,20.0,0.0,21,21,21,21.0,0.0
85b83084,instruction_following,List three common pets people keep at home.,,mid_temp,0.7,50,"Dog: Cats, dogs, and other animals are all common pet people at home.",9.0,14.0,18.0,12.0,6.0,14.0,3.0,2.0,8.0,9.555555555555555,5.387743291748205,41,41,41,41.0,0.0,23,23,23,23.0,0.0
85bf34c5,instruction_following,Translate the word 'please' into Japanese.,,mid_temp,0.7,50,Please be kind.,10.0,4.0,8.0,18.0,16.0,8.0,8.0,15.0,8.0,10.555555555555555,4.666666666666666,41,41,41,41.0,0.0,21,21,21,21.0,0.0
85c63ce0,instruction_following,Explain what recycling means in one sentence.,,low_temp,0.3,10,"Recycling is a process of recycling, which involves removing waste products, such as plastics, metals, and other materials from the environment. Recycling can also include cleaning and sanitizing waste products, such as plastics, metals, and other materials. Recycling can also include recycling waste",9.0,4.0,12.0,12.0,4.0,6.0,6.0,10.0,3.0,7.333333333333333,3.5,41,41,41,41.0,0.0,21,21,21,21.0,0.0
85cd1c2a,math,"If a rectangle has length 8 and width 5, what is its area?",,mid_temp,0.7,50,The area of the rectangle is 8x5.,100.0,99.0,100.0,99.0,100.0,100.0,100.0,100.0,100.0,99.77777777777776,0.4409585518440985,41,41,41,41.0,0.0,65,65,65,65.0,0.0
89a406e3,reasoning,"If you flip a coin twice, what are the possible outcomes?",,mid_temp,0.7,50,The coin tosses may be the most likely outcome.,1.0,4.0,4.0,0.0,1.0,0.0,3.0,0.0,1.0,1.5555555555555556,1.6666666666666667,0,0,0,0.0,0.0,21,21,21,21.0,0.0
89fce48a,writing,Rewrite the following sentence to sound more polite.,Give me the report now.,low_temp,0.3,10,I have the report now.,2.0,10.0,2.0,10.0,2.0,4.0,13.0,7.0,0.0,5.555555555555555,4.585605497399202,61,61,61,61.0,0.0,65,65,65,65.0,0.0
8a0393a1,math,What is 30% of 150?,,low_temp,0.3,10,30% of 150 is equal to 15.5% of 150.,0.0,0.0,0.0,6.0,3.0,2.0,0.0,0.0,4.0,1.6666666666666667,2.2360679774997894,41,41,41,41.0,0.0,21,21,21,21.0,0.0
8aab1af3,math,"What is 100 divided by 8, rounded to two decimal places?",,mid_temp,0.7,50,"100 divided by 8 is equal to 8 + (8-8) + 8 = 2, rounded to two decimal places.",0.0,6.0,0.0,1.0,1.0,0.0,3.0,4.0,0.0,1.6666666666666667,2.1794494717703365,20,20,20,20.0,0.0,21,21,21,21.0,0.0
8b8b59ec,factual,In which country is the Eiffel Tower located?,,low_temp,0.3,10,The Eiffel Tower is located in the French Alps in the French Alps region of France.,50.0,51.0,53.0,56.0,60.0,45.0,45.0,58.0,46.0,51.55555555555556,5.637178175095921,41,41,41,41.0,0.0,23,23,23,23.0,0.0
8c6f3890,math,Convert 10 kilometers to miles.,,low_temp,0.3,10,10 kilometers is equal to 8.4 miles in circumference.,0.0,4.0,10.0,2.0,1.0,0.0,0.0,1.0,0.0,2.0,3.278719262151,41,41,41,41.0,0.0,65,65,65,65.0,0.0
8ec6fb5c,writing,Rewrite the following paragraph to remove repetition.,The dog ran fast. The dog was happy. The dog barked loudly.,mid_temp,0.7,50,The dog ran faster than usual.,21.0,26.0,16.0,26.0,16.0,19.0,27.0,21.0,17.0,21.0,4.415880433163924,61,61,61,61.0,0.0,21,21,21,21.0,0.0
8fa93f82,factual,Who painted the Mona Lisa?,,low_temp,0.3,10,"The Mona Lisa was created by Leonardo da Vinci in 1592. It was painted by Leonardo da Vinci with the help of his daughter, Florence.",0.0,2.0,18.0,1.0,1.0,0.0,0.0,0.0,0.0,2.4444444444444446,5.876034187934731,81,81,81,81.0,0.0,23,23,23,23.0,0.0
90e1b3e5,writing,Write a short caption for a photo of a sunset.,,mid_temp,0.7,50,The sun is shining brightly in this stunning scene.,50.0,55.0,62.0,46.0,51.0,44.0,45.0,55.0,51.0,51.0,5.744562646538029,41,41,41,41.0,0.0,21,23,23,22.333333333333332,1.1547005383792515
9194486c,math,Convert 5 miles to kilometers.,,high_temp,1.2,100,5 miles equals 1353.25 kilometers.,0.0,2.0,0.0,0.0,0.0,1.0,0.0,9.0,0.0,1.3333333333333333,2.958039891549808,81,81,81,81.0,0.0,21,21,21,21.0,0.0
91ee6978,factual,Who painted the Mona Lisa?,,high_temp,1.2,100,"Artificial Intelligence (AI) is a field of applied artificial intelligence that enables machines to extract and interpret insights from an existing world. For example, by analyzing data and understanding its causes, AI can predict what actions are likely to be taken by a particular person at any given moment and create strategies and scenarios",0.0,0.0,0.0,0.0,3.0,1.0,2.0,3.0,0.0,1.0,1.3228756555322954,20,20,20,20.0,0.0,0,0,0,0.0,0.0
929e741b,writing,Write a two-line poem about the moon.,,high_temp,1.2,100,"It was nightless in the woods, and me was gazing down upon the gleaming night's clouds streaming in, the hot leaves of the trees swaying overhead, the stars casting bright green shadows over the horizon. We peered into the stars, each with their fascinating colors, and at each other",0.0,1.0,1.0,7.0,0.0,0.0,2.0,4.0,1.0,1.7777777777777777,2.333333333333333,41,41,41,41.0,0.0,0,0,0,0.0,0.0
9326123b,writing,Write a short description of a busy city street.,,high_temp,1.2,100,"One of the most historic cities in southern California is Humboldt City. Orchid flower patches weave through the streets every morning, which, if not adequately photographed, make for an unpredictable entertainment environment, helping create a warm sense of being alive in a city with a long-forgotten past.",24.0,32.0,30.0,24.0,37.0,29.0,24.0,26.0,18.0,27.11111111111111,5.555277770832986,41,41,41,41.0,0.0,23,23,23,23.0,0.0
937bc4dd,writing,Write a two-line poem about the moon.,,low_temp,0.3,10,"The moon shines bright and clear,
The stars twinkling in the night.
The moon is like a beacon of light,
The stars gleaming in the night.",22.0,24.0,25.0,24.0,30.0,31.0,31.0,17.0,23.0,25.22222222222222,4.6844897741850655,41,41,41,41.0,0.0,65,65,65,65.0,0.0
94cf0a1e,reasoning,A train leaves at 3 PM and arrives at 6 PM. How long was the journey?,,low_temp,0.3,10,The journey took approximately 8.5 hours.,0.0,5.0,0.0,1.0,0.0,0.0,5.0,0.0,0.0,1.2222222222222223,2.1666666666666665,81,81,81,81.0,0.0,21,21,21,21.0,0.0
9564b0d9,instruction_following,Give one example of a renewable energy source.,,mid_temp,0.7,50,"Renewable energy sources are typically located in the Indian Ocean, the Pacific, and in Asia.",0.0,0.0,0.0,1.0,3.0,0.0,0.0,2.0,0.0,0.6666666666666666,1.118033988749895,21,21,21,21.0,0.0,21,21,21,21.0,0.0
96649c3e,writing,Write a short congratulatory message for a graduation.,,mid_temp,0.7,50,"Dear Graduation,

My name is Aaron and I am thrilled to be living a fulfilling and rewarding life. I look forward to continuing my education and pursuing my dream of a better life for all.",12.0,2.0,11.0,17.0,7.0,12.0,18.0,7.0,9.0,10.555555555555555,5.027701042999452,41,41,41,41.0,0.0,21,21,21,21.0,0.0
96a30595,instruction_following,Translate the word 'thank you' into Spanish.,,high_temp,1.2,100,Thank you.,0.0,0.0,7.0,1.0,5.0,0.0,0.0,0.0,0.0,1.4444444444444444,2.650995620097811,41,41,41,41.0,0.0,21,21,21,21.0,0.0
970cc88f,factual,What is the capital of Japan?,,low_temp,0.3,10,The capital of Japan is Tokyo.,100.0,98.0,100.0,98.0,99.0,100.0,97.0,92.0,100.0,98.22222222222224,2.5873624493766707,81,81,81,81.0,0.0,85,85,85,85.0,0.0
970ed795,math,Solve for x: 5x = 45.,,mid_temp,0.7,50,Solution for x: 5x = 45,0.0,1.0,0.0,0.0,4.0,0.0,0.0,0.0,1.0,0.6666666666666666,1.3228756555322954,41,41,41,41.0,0.0,21,21,21,21.0,0.0
97387254,instruction_following,Explain what cloud storage means in simple terms.,,low_temp,0.3,10,"Cloud storage is a service that allows users to store and access their data on a cloud-based storage platform. Cloud storage is used to store and access data on a cloud-based storage platform, which allows users to access and manage their data on a cloud-based storage platform. Cloud storage is used",19.0,13.0,20.0,22.0,4.0,19.0,26.0,12.0,18.0,17.0,6.461423991660043,61,61,61,61.0,0.0,43,43,43,43.0,0.0
98a55b48,factual,Who painted the Mona Lisa?,,mid_temp,0.7,50,The Mona Lisa was painted by Leonardo da Vinci in 1296.,9.0,6.0,21.0,13.0,11.0,10.0,14.0,3.0,15.0,11.333333333333334,5.267826876426369,41,41,41,41.0,0.0,23,23,23,23.0,0.0
994c09a0,factual,What is the largest ocean on Earth?,,low_temp,0.3,10,"The largest ocean on Earth is the Gulf of Mexico, which is about 1,500 miles (2,500 kilometers) long.",0.0,0.0,3.0,5.0,1.0,0.0,0.0,0.0,6.0,1.6666666666666667,2.39791576165636,21,21,21,21.0,0.0,21,21,21,21.0,0.0
9a10b9d4,factual,Who wrote the novel Pride and Prejudice?,,low_temp,0.3,10,The novel Pride and Prejudice is written by John C. L. Brooks.,7.0,0.0,0.0,14.0,13.0,13.0,7.0,11.0,5.0,7.777777777777778,5.403188359149109,41,41,41,41.0,0.0,21,21,21,21.0,0.0
9a4eae13,factual,What is the longest river in the world?,,low_temp,0.3,10,The longest river in the world is the Rio Grande in Mexico.,0.0,5.0,7.0,1.0,0.0,4.0,0.0,0.0,0.0,1.8888888888888888,2.7131367660166177,21,21,21,21.0,0.0,21,21,21,21.0,0.0
9b10ee77,writing,Rewrite the following sentence using a simile.,The car is very fast.,mid_temp,0.7,50,The car is very fast.,0.0,0.0,0.0,6.0,0.0,0.0,0.0,0.0,0.0,0.6666666666666666,2.0,20,20,20,20.0,0.0,21,21,21,21.0,0.0
9b31fa57,instruction_following,List three ingredients commonly used in an Italian pasta dish.,,high_temp,1.2,100,"Bananas, milk, vegetables.",0.0,2.0,6.0,0.0,6.0,0.0,0.0,3.0,4.0,2.333333333333333,2.549509756796392,20,20,20,20.0,0.0,21,21,21,21.0,0.0
9b499f68,instruction_following,List three common pets people keep at home.,,high_temp,1.2,100,Dog,2.0,0.0,5.0,2.0,6.0,2.0,13.0,4.0,1.0,3.888888888888889,3.9193253387682825,41,41,41,41.0,0.0,21,21,21,21.0,0.0
9b984c0f,factual,Who was the first President of the United States?,,mid_temp,0.7,50,"George Washington was the first president of the United States. He was sworn in on January 20, 1776.",28.0,21.0,28.0,30.0,28.0,36.0,33.0,14.0,25.0,27.0,6.5,81,81,81,81.0,0.0,85,85,85,85.0,0.0
9c8a7317,math,Convert 5 miles to kilometers.,,low_temp,0.3,10,"5 miles is equal to 5,000 kilometers.",0.0,7.0,0.0,0.0,0.0,1.0,0.0,0.0,0.0,0.8888888888888888,2.315407331574968,41,41,41,41.0,0.0,21,21,21,21.0,0.0
9ce3d8b9,math,What is 25% of 400?,,low_temp,0.3,10,25% of 400 is equal to 25.5% of 400.,2.0,4.0,5.0,9.0,1.0,2.0,0.0,0.0,0.0,2.555555555555556,3.0046260628866577,61,61,61,61.0,0.0,21,21,21,21.0,0.0
9f8ed02a,instruction_following,Translate the word 'thank you' into Spanish.,,mid_temp,0.7,50,Thank you,0.0,0.0,15.0,3.0,0.0,6.0,0.0,0.0,2.0,2.888888888888889,4.986091767217197,41,41,41,41.0,0.0,21,21,21,21.0,0.0
a0b0a060,factual,Who wrote the play Romeo and Juliet?,,mid_temp,0.7,50,"The play Romeo and Juliet is written by Charles de Vigna, and it is the first play of the French play Romeo and Juliet. It was written by the late French playwright, Michel Traverot, and was published in 1648.",0.0,2.0,14.0,4.0,0.0,0.0,0.0,3.0,0.0,2.555555555555556,4.558264777059114,41,41,41,41.0,0.0,23,23,23,23.0,0.0
a1e3e944,reasoning,A car travels 60 miles in 1 hour. How far will it travel in 3 hours at the same speed?,,high_temp,1.2,100,The speed at which four individual carriages will travel in 3 hours is 126 miles per hour.,0.0,0.0,1.0,3.0,2.0,0.0,0.0,0.0,0.0,0.6666666666666666,1.118033988749895,20,20,20,20.0,0.0,21,21,21,21.0,0.0
a2e3207f,reasoning,Explain why oil floats on water.,,low_temp,0.3,10,"Oil floats on water is because the water is heated by the sun and the particles of the liquid are heated by the molecules of the water. The water is then heated by the sun, which causes the particles of the liquid to expand, creating a circular, circular watery sphere. The water is then",15.0,8.0,8.0,22.0,17.0,11.0,23.0,14.0,17.0,15.0,5.431390245600108,41,41,41,41.0,0.0,21,21,21,21.0,0.0
a3454afb,instruction_following,List three benefits of regular exercise.,,low_temp,0.3,10,"Regular exercise can help to reduce stress, improve mental clarity, and even boost overall physical health. Regular physical activity can also help to boost your mood, boost your creativity, and boost your overall wellbeing. Regular physical activity can also help to boost your immune system, boost your mood, and boost your overall",50.0,41.0,33.0,46.0,56.0,48.0,48.0,45.0,45.0,45.77777777777778,6.320161741952848,61,61,61,61.0,0.0,42,42,42,42.0,0.0
a3ab89bf,writing,Rewrite this sentence to remove the passive voice.,The window was broken by the storm.,high_temp,1.2,100,Prerequisite: Storm,0.0,7.0,4.0,0.0,2.0,8.0,0.0,0.0,0.0,2.333333333333333,3.2403703492039297,41,41,41,41.0,0.0,21,21,21,21.0,0.0
a432f87e,instruction_following,Explain what recycling means in one sentence.,,mid_temp,0.7,50,"Recycling is different from other forms of transportation because it involves removing waste products, such as plastics, rubber, and waste products, from the environment. Recycling is also used to recycle recyclable materials such as food and fuel, which are then used to build homes, factories, and",21.0,27.0,18.0,29.0,19.0,25.0,23.0,16.0,11.0,21.0,5.678908345800274,41,41,41,41.0,0.0,21,21,21,21.0,0.0
a495998d,reasoning,Why do we need to wear seatbelts in a moving car?,,high_temp,1.2,100,"There are a limited number of safety seats in a moving car, which makes wearing them unnecessary, and can greatly affect your safety. At work, for example, it is important to have your car securely secured to the window and to always wearing a comfortable white or light blue dress shirt.",0.0,6.0,4.0,3.0,0.0,1.0,0.0,4.0,0.0,2.0,2.29128784747792,20,20,20,20.0,0.0,0,0,0,0.0,0.0
a5201026,factual,What language is primarily spoken in Brazil?,,low_temp,0.3,10,Bengo is spoken in Brazil by about 8.5% of the population.,0.0,0.0,0.0,0.0,0.0,0.0,0.0,0.0,1.0,0.1111111111111111,0.3333333333333333,41,41,41,41.0,0.0,23,23,23,23.0,0.0
a5407a62,writing,Write a one-sentence apology for being late to a meeting.,,high_temp,1.2,100,"Yes, I'm late to a meeting.",0.0,3.0,0.0,7.0,7.0,0.0,0.0,4.0,3.0,2.6666666666666665,2.9154759474226504,41,41,41,41.0,0.0,21,21,21,21.0,0.0
a63b4dd6,instruction_following,Give two tips for improving focus while studying.,,high_temp,1.2,100,"Three ways to improve focus while studying are:
• Taking regular breaks;
• Taking breaks while studying for exams;
• Reviewing and rating your progress while studying, as well as analyzing your results, working through these to improve your study levels.

Recruiting additional leads; having",50.0,45.0,40.0,47.0,54.0,53.0,49.0,49.0,52.0,48.77777777777778,4.352521619066866,41,41,41,41.0,0.0,23,21,21,21.666666666666668,1.1547005383792515
a72dc824,instruction_following,Explain what cloud storage means in simple terms.,,mid_temp,0.7,50,"Cloud storage is a service that enables users to store their data in a secure and reliable manner. It is used to store data in a secure and reliable manner that is optimized for security and compatibility. Through cloud storage, users can access and access their data anywhere and anytime. Customers can access and access their",43.0,35.0,43.0,45.0,46.0,38.0,28.0,49.0,44.0,41.22222222222222,6.4764530759084815,61,61,61,61.0,0.0,43,43,43,43.0,0.0
a78725f4,writing,Write a short thank-you note for a birthday gift.,,mid_temp,0.7,50,I am very thankful for the thoughtful and thoughtful gift that I received today.,22.0,29.0,11.0,23.0,20.0,17.0,23.0,32.0,20.0,21.88888888888889,6.173419725817378,61,61,61,61.0,0.0,65,65,65,65.0,0.0
a8d0c178,writing,Write a one-sentence apology for being late to a meeting.,,mid_temp,0.7,50,I was late to a meeting with my team. It was a great experience and I wanted to make an impact. I'm so grateful for what I did this weekend. I'm so thankful for the opportunity to have the opportunity to share my journey with the world.,10.0,0.0,0.0,11.0,12.0,14.0,11.0,7.0,14.0,8.777777777777779,5.40318835914911,20,20,20,20.0,0.0,0,0,0,0.0,0.0
aa516c98,reasoning,Explain why oil floats on water.,,high_temp,1.2,100,Oil floats on water are due to a combination of low surface tension (R tension) in the water that prevents it from reaching the surface or breaking easily. Low temperatures during the day can create a high area around the water which breaks up the oil molecules. Therefore the surface tension of the water helps to,6.0,8.0,6.0,11.0,1.0,3.0,4.0,6.0,4.0,5.444444444444445,2.9202359113225387,41,41,41,41.0,0.0,21,23,23,22.333333333333332,1.1547005383792515
aab53612,factual,What is the currency of Japan?,,low_temp,0.3,10,The Japanese yen is the national currency of Japan.,100.0,87.0,100.0,97.0,100.0,100.0,97.0,94.0,100.0,97.22222222222224,4.381146476031638,81,81,81,81.0,0.0,85,85,85,85.0,0.0
aae6d236,math,What is the sum of the first 10 odd numbers?,,mid_temp,0.7,50,"The sum of the first 10 numbers is 0, 9, 5.",0.0,3.0,0.0,6.0,0.0,2.0,4.0,0.0,1.0,1.7777777777777777,2.1666666666666665,41,41,41,41.0,0.0,21,21,21,21.0,0.0
ab21ba68,writing,Rewrite the following sentence to sound more polite.,Give me the report now.,high_temp,1.2,100,Treat each case like it is important to know the facts and can be improved upon.,12.0,2.0,20.0,12.0,23.0,15.0,10.0,16.0,13.0,13.666666666666666,6.020797289396148,20,20,20,20.0,0.0,0,0,0,0.0,0.0
abc8af11,factual,What is the smallest planet in our solar system?,,mid_temp,0.7,50,"The smallest planet in our solar system is the Little Planet Cloud, which is located about 300 light years away from our Sun.",0.0,0.0,0.0,0.0,2.0,4.0,0.0,0.0,0.0,0.6666666666666666,1.4142135623730951,20,20,20,20.0,0.0,21,21,21,21.0,0.0
ac5ed59b,writing,Summarize the concept of photosynthesis in one sentence.,,mid_temp,0.7,50,"Photosynthesis is the process by which plants and animals convert sunlight into energy and convert that energy to energy for the plants. It involves the conversion of sunlight energy into carbon dioxide and other carbon dioxide molecules. Plants convert these carbon dioxide molecules into ATP, NADPH, and NADPHO, which are then",17.0,17.0,8.0,16.0,24.0,18.0,15.0,16.0,11.0,15.77777777777778,4.465920335658088,41,41,41,41.0,0.0,21,21,21,21.0,0.0
ad980251,writing,Write a two-line poem about the moon.,,mid_temp,0.7,50,"The moon was full of life and peace,
It was like a shining star in the night,
But the night was cold and night was full of darkness,
The night was full of death and despair,
The moon was full of life and peace,
But the night was full of",27.0,39.0,28.0,28.0,25.0,21.0,12.0,32.0,25.0,26.33333333333333,7.3824115301167,41,41,41,41.0,0.0,23,23,23,23.0,0.0
b02fa629,writing,Rewrite the following sentence using a simile.,The car is very fast.,high_temp,1.2,100,It definitely is!,0.0,0.0,0.0,0.0,0.0,0.0,0.0,0.0,3.0,0.3333333333333333,1.0,20,20,20,20.0,0.0,21,21,21,21.0,0.0
b092df01,writing,Write a one-sentence summary of a rainy day.,,mid_temp,0.7,50,"The rain was falling hard on the streets, and some people were struggling to get out of the way.",50.0,48.0,47.0,49.0,51.0,53.0,51.0,57.0,56.0,51.333333333333336,3.4278273002005224,61,61,61,61.0,0.0,65,65,65,65.0,0.0
b1a8daaa,math,Solve for x: 3x - 6 = 12.,,high_temp,1.2,100,Solution 4x - 6 = 12,0.0,0.0,6.0,2.0,0.0,2.0,3.0,1.0,0.0,1.5555555555555556,2.006932429798716,41,41,41,41.0,0.0,21,21,21,21.0,0.0
b2b7a043,instruction_following,Name two famous landmarks in Europe.,,high_temp,1.2,100,"Paris, October 15, 1874, Trafalgar Square, London's last iconic symbol |",0.0,0.0,0.0,3.0,0.0,1.0,2.0,0.0,0.0,0.6666666666666666,1.118033988749895,20,20,20,20.0,0.0,21,21,21,21.0,0.0
b359e222,writing,Rewrite the following sentence to sound more polite.,Give me the report now.,mid_temp,0.7,50,"Yes, I receive the report now.",0.0,0.0,21.0,8.0,0.0,7.0,0.0,0.0,0.0,4.0,7.158910531638177,41,41,41,41.0,0.0,23,34,34,30.333333333333332,6.3508529610858835
b3d9b525,reasoning,All birds can fly. A penguin is a bird. Is the conclusion 'a penguin can fly' valid? Explain.,,mid_temp,0.7,50,"Yes, penguins are capable of flying.",100.0,100.0,96.0,99.0,100.0,98.0,98.0,100.0,99.0,98.88888888888889,1.3642254619787415,20,20,20,20.0,0.0,21,21,21,21.0,0.0
b6948ff0,math,What is the perimeter of a square with side length 6?,,high_temp,1.2,100,The perimeter of a square with side length 6 is 66.5 inches (147.9 cm × 78.6 cm).,0.0,0.0,8.0,1.0,1.0,2.0,7.0,0.0,0.0,2.111111111111111,3.1402406135694623,41,41,41,41.0,0.0,21,21,21,21.0,0.0
b7b6c3a3,math,Convert 5 miles to kilometers.,,mid_temp,0.7,50,5 miles is equal to 1.2 kilometers.,0.0,0.0,4.0,1.0,0.0,1.0,6.0,4.0,2.0,2.0,2.179449471770337,81,81,81,81.0,0.0,21,21,21,21.0,0.0
b801487e,writing,Rewrite this sentence to sound more persuasive.,Please consider donating to our cause.,mid_temp,0.7,50,Donation is a powerful tool to help people across America. It enables communities to come together and make a positive impact with their shared experiences.,0.0,6.0,0.0,4.0,0.0,3.0,0.0,0.0,0.0,1.4444444444444444,2.297341458681704,81,81,81,81.0,0.0,65,65,65,65.0,0.0
b98ea575,writing,Write a short congratulatory message for a graduation.,,high_temp,1.2,100,"I certainly hope that all the participants in my program and the students my school respects will make excellent teachers and successful students throughout my life. Through the success and sacrifices made by having a well-trained and capable general manager trained at Rutgers, I can make a positive impact on a graduation day at the school",27.0,24.0,19.0,30.0,22.0,36.0,21.0,20.0,23.0,24.666666666666668,5.477225575051661,41,41,41,41.0,0.0,21,21,21,21.0,0.0
ba0c904c,factual,Who developed the theory of relativity?,,high_temp,1.2,100,"The theory of relativity is that particles are like water, but their masses are not completely related to their distance to the Sun. Physics can only be observed in space, and observations can only be obtained over very short places. This theory of relativity accounts for both cause and effect (injecting particles and",0.0,0.0,0.0,0.0,0.0,0.0,0.0,2.0,0.0,0.2222222222222222,0.6666666666666666,41,41,41,41.0,0.0,0,0,0,0.0,0.0
bacc702a,factual,What is the boiling point of water in Celsius?,,high_temp,1.2,100,"With regards to the boiling point of water in Celsius, there is a range of temperatures needed to reach the boiling point in the hot liquid. There are two major temperatures recommended for boiling water are boiling point and sodium carbon dioxide (""CO2"" or ""NaCl""). In general, boiling point is around",0.0,3.0,1.0,0.0,0.0,5.0,0.0,0.0,2.0,1.2222222222222223,1.7873008824606011,41,41,41,41.0,0.0,21,21,21,21.0,0.0
bae39df4,factual,What language is primarily spoken in Brazil?,,high_temp,1.2,100,"Bantustan 中文,›中文›中文‹中文,›中文 is spoken in three languages,››› in Portuguese, and›››› in Hindi, according to a",0.0,2.0,0.0,0.0,2.0,9.0,0.0,4.0,0.0,1.8888888888888888,3.018461712712472,20,20,20,20.0,0.0,0,0,0,0.0,0.0
bb67eb2f,math,What is the sum of the first 5 even numbers?,,mid_temp,0.7,50,"5 is equal to 3, 1, 2, 6, 8, 16, 19, 24, 32, 40, 46, and 100.",0.0,7.0,0.0,0.0,2.0,8.0,1.0,4.0,0.0,2.4444444444444446,3.166666666666666,21,21,21,21.0,0.0,0,0,0,0.0,0.0
bdde0259,factual,What is the currency of Japan?,,high_temp,1.2,100,The Japanese yen is the British Pound Digital Dollar.,11.0,24.0,0.0,12.0,4.0,13.0,8.0,9.0,6.0,9.666666666666666,6.763874629234341,20,20,20,20.0,0.0,23,23,23,23.0,0.0
be5574f8,reasoning,A train leaves at 3 PM and arrives at 6 PM. How long was the journey?,,mid_temp,0.7,50,The journey from Paris to London took around 12 hours.,0.0,0.0,0.0,0.0,0.0,0.0,1.0,2.0,3.0,0.6666666666666666,1.118033988749895,20,20,20,20.0,0.0,21,21,21,21.0,0.0
becaee18,math,Solve for y: y/3 + 2 = 7.,,low_temp,0.3,10,The answer to y/3 + 2 = 7 is y/3 + 2 = 7.,0.0,1.0,5.0,8.0,0.0,2.0,0.0,4.0,0.0,2.2222222222222223,2.862594006219611,41,41,41,41.0,0.0,21,21,21,21.0,0.0
bf845320,instruction_following,Explain what a database is in simple terms.,,low_temp,0.3,10,"A database is a set of databases that is used to store, query, and compare data from multiple sources. A database is a set of databases that is used to store, query, and compare data from multiple sources. A database is also used to store, query, and compare data from multiple languages",19.0,16.0,27.0,12.0,19.0,16.0,16.0,16.0,20.0,17.88888888888889,4.166666666666667,41,41,41,41.0,0.0,23,23,23,23.0,0.0
bf9dcf6b,instruction_following,Explain what a database is in simple terms.,,high_temp,1.2,100,"A database is a set of servers or databases, usually located on different computers throughout the user's home. Per servers, you keep a directory of all your users' financial information on these computers. A database store assigns each user a unique ID assigned to his or her account in a stored database each day",15.0,16.0,9.0,16.0,10.0,8.0,20.0,8.0,20.0,13.555555555555555,4.901813723284247,41,41,41,41.0,0.0,21,21,21,21.0,0.0
c1c7a254,factual,What gas do plants absorb from the atmosphere?,,high_temp,1.2,100,"Carbon dioxide, nitrous oxide, nitrous oxide dioxide, phosphorus, and lime can all be absorbed from the atmosphere of plants.",50.0,46.0,55.0,50.0,43.0,47.0,42.0,47.0,56.0,48.44444444444444,4.824704942043376,41,41,41,41.0,0.0,23,23,23,23.0,0.0
c1debf1b,math,What is 30% of 150?,,mid_temp,0.7,50,"30% of 150 represents approximately 0.6% of the total number of employees in the United States, which is equal to about 2.33 million people.",0.0,3.0,9.0,0.0,5.0,0.0,1.0,0.0,3.0,2.333333333333333,3.082207001484488,41,41,41,41.0,0.0,21,21,21,21.0,0.0
c21084af,math,Solve for x: 2x + 4 = 10.,,high_temp,1.2,100,10 = 64,0.0,6.0,0.0,0.0,0.0,0.0,0.0,1.0,0.0,0.7777777777777778,1.9860625479688307,20,20,20,20.0,0.0,0,0,0,0.0,0.0
c211a5f5,instruction_following,List three benefits of regular exercise.,,high_temp,1.2,100,Regular exercise helps to improve flexibility and strength throughout your body and can also help boost performance. Regular physical activity also draws your hormones into balance and can help you maintain physical strength and build a focus on your career goals.,24.0,21.0,24.0,24.0,22.0,23.0,12.0,28.0,19.0,21.88888888888889,4.4565806523736455,41,41,41,41.0,0.0,21,21,21,21.0,0.0
c21805d1,factual,Name the largest planet in our solar system.,,mid_temp,0.7,50,The largest planet in our solar system is about 5.8 times smaller than our sun.,0.0,2.0,0.0,4.0,0.0,4.0,1.0,0.0,0.0,1.2222222222222223,1.7159383568311666,21,21,21,21.0,0.0,21,21,21,21.0,0.0
c2d32065,instruction_following,List two ways to save water at home.,,high_temp,1.2,100,"1. Take advantage of all types of water supply. Supplies such as drinking faucets, washing dishes and stoves can be easily accessed using public water systems. 
2. Reach out and offer suggestions online. Reducing water stress is essential and can help stay hydrated for longer sessions",33.0,25.0,29.0,37.0,39.0,41.0,40.0,30.0,32.0,34.0,5.545268253204709,41,41,41,41.0,0.0,21,21,21,21.0,0.0
c2d3f714,math,What is 15% of 200?,,low_temp,0.3,10,15% of 200 is equal to 15.5% of 200.,1.0,3.0,0.0,1.0,8.0,0.0,0.0,2.0,0.0,1.6666666666666667,2.598076211353316,41,41,41,41.0,0.0,21,21,21,21.0,0.0
c35ce492,math,Solve for x: 2x + 4 = 10.,,low_temp,0.3,10,Solution for x: 2x + 4 = 8,0.0,6.0,0.0,0.0,2.0,3.0,0.0,0.0,0.0,1.2222222222222223,2.1081851067789192,41,41,41,41.0,0.0,21,21,21,21.0,0.0
c4143a3d,reasoning,"If you flip a coin twice, what are the possible outcomes?",,low_temp,0.3,10,"The possible outcomes of flipping a coin are: 1. A coin flips 1/2 of the way round, 2. The coin is flipped 1/2 of the way round, 3. The coin is flipped 1/2 of the way round, 4. The coin is flipped 1/2 of",21.0,22.0,21.0,21.0,26.0,18.0,23.0,21.0,19.0,21.33333333333333,2.29128784747792,20,20,20,20.0,0.0,21,21,21,21.0,0.0
c86273d0,math,What is the perimeter of a square with side length 6?,,mid_temp,0.7,50,The perimeter of a square with side length 6 is approximately 25 square meters.,40.0,39.0,43.0,44.0,42.0,31.0,42.0,39.0,40.0,40.0,3.8078865529319534,41,41,41,41.0,0.0,23,23,23,23.0,0.0
c8ac0c61,math,"What is the average of 4, 8, and 12?",,high_temp,1.2,100,"The average of four, 8, and 12 are 58.5 compared to 58.5 in 5, 8, 11, 12 and 22.",0.0,1.0,1.0,0.0,0.0,0.0,0.0,0.0,3.0,0.5555555555555556,1.0137937550497034,41,41,41,41.0,0.0,21,21,21,21.0,0.0
cbe9e14a,math,Convert 3 kilograms to grams.,,low_temp,0.3,10,3 kilograms is equal to 1.375 grams.,0.0,0.0,3.0,0.0,0.0,0.0,0.0,1.0,0.0,0.4444444444444444,1.0137937550497031,81,81,81,81.0,0.0,21,21,21,21.0,0.0
cdbca833,writing,Rewrite the following sentence in a more formal tone.,"That's awesome, thanks a lot!",low_temp,0.3,10,It's great to have you here.,10.0,8.0,18.0,4.0,8.0,12.0,9.0,17.0,9.0,10.555555555555555,4.47524052736585,41,41,41,41.0,0.0,23,23,23,23.0,0.0
ce470cf4,writing,Write a short thank-you note for a birthday gift.,,low_temp,0.3,10,I'm so grateful for all the memories you have with me. I can't express how much I miss you.,0.0,1.0,6.0,3.0,0.0,0.0,1.0,5.0,4.0,2.2222222222222223,2.333333333333333,21,21,21,21.0,0.0,30,30,30,30.0,0.0
ceb3cfc0,math,What is 25% of 400?,,high_temp,1.2,100,250 is equal to 46.30% of 4000.,0.0,5.0,3.0,6.0,4.0,1.0,0.0,7.0,2.0,3.111111111111111,2.571208103423585,41,41,41,41.0,0.0,21,21,21,21.0,0.0
cf63a658,factual,Who was the first President of the United States?,,low_temp,0.3,10,"George Washington was the first President of the United States. He was sworn in on January 20, 1776.",50.0,54.0,55.0,46.0,47.0,51.0,44.0,55.0,42.0,49.333333333333336,4.847679857416329,81,81,81,81.0,0.0,85,85,85,85.0,0.0
d06589cb,math,What is the sum of the first 5 even numbers?,,high_temp,1.2,100,The sum of the 5 odd numbers is 556.,0.0,0.0,9.0,0.0,0.0,1.0,0.0,8.0,7.0,2.7777777777777777,3.9616214413349047,20,20,20,20.0,0.0,0,0,0,0.0,0.0
d06da90d,reasoning,A farmer has 3 chickens and buys 5 more. How many chickens does he have now?,,low_temp,0.3,10,Three chickens and 5 more chickens is enough to buy 5 more chickens.,0.0,0.0,0.0,5.0,1.0,1.0,4.0,4.0,0.0,1.6666666666666667,2.06155281280883,21,21,21,21.0,0.0,21,21,21,21.0,0.0
d12abd6f,reasoning,Explain why oil floats on water.,,mid_temp,0.7,50,"Oils float on water are a result of the sun's rays being absorbed into the water. As the water cools, its energy is released and it's no longer as hot as it once was. This helps to cool the water, which in turn helps to create cooler air in the ocean.",4.0,2.0,0.0,10.0,0.0,0.0,13.0,0.0,0.0,3.2222222222222223,4.944132324730441,41,41,41,41.0,0.0,21,21,21,21.0,0.0
d239cca1,math,Solve for x: 3x - 6 = 12.,,mid_temp,0.7,50,Solution for x: 3x + 6 = 12,0.0,0.0,0.0,1.0,6.0,0.0,4.0,2.0,9.0,2.4444444444444446,3.2446537223219645,41,41,41,41.0,0.0,21,21,21,21.0,0.0
d239e3c6,instruction_following,Explain what an API is in simple terms.,,mid_temp,0.7,50,An API is a set of rules and procedures that govern how a website is managed and used. API rules and procedures are implemented in the API and are written in the language of the language that is used to define the API. The API ensures that all resources are accessible and that all resources are being used,20.0,15.0,19.0,19.0,14.0,22.0,5.0,22.0,16.0,16.88888888888889,5.301991240195622,41,41,41,41.0,0.0,21,21,21,21.0,0.0
d250c3e8,writing,Rewrite this sentence in the passive voice.,The chef cooked the meal.,high_temp,1.2,100,The Chef Cooked The Meal,7.0,3.0,8.0,9.0,13.0,9.0,8.0,0.0,4.0,6.777777777777778,3.865804501581068,20,20,20,20.0,0.0,85,85,85,85.0,0.0
d263013d,instruction_following,List two ways to save water at home.,,low_temp,0.3,10,"1. Use a water-saving device such as a hose or spigot.
2. Use a reusable water bottle or reusable water bottle with your water.
3. Use a reusable water bottle or reusable water bottle with your water.
4. Use a reusable water bottle with your water",24.0,33.0,33.0,28.0,17.0,28.0,30.0,27.0,21.0,26.77777777777778,5.333333333333333,41,41,41,41.0,0.0,21,21,21,21.0,0.0
d4f12a2c,factual,What is the chemical symbol for gold?,,high_temp,1.2,100,"The gold symbol is the symbol for ""gold,"" meaning peace and understanding.",0.0,0.0,1.0,5.0,0.0,3.0,2.0,0.0,0.0,1.2222222222222223,1.7873008824606011,20,20,20,20.0,0.0,21,21,21,21.0,0.0
d5351235,reasoning,"If you flip a coin twice, what are the possible outcomes?",,high_temp,1.2,100,"Determining the outcomes of flips would be easy, however, looking at coin flips can be interesting. Many common turns will be drawn, like a madman turning on his tail and then swinging its attack. These decisions also should help keep the game fair. Lastly, flipping a coin will encourage players",22.0,27.0,34.0,29.0,22.0,18.0,19.0,20.0,26.0,24.11111111111111,5.278362540704372,20,20,20,20.0,0.0,0,0,0,0.0,0.0
d62dc062,math,Convert 2 hours into minutes.,,low_temp,0.3,10,2 hours is equal to 12 minutes.,0.0,1.0,4.0,2.0,3.0,2.0,0.0,0.0,1.0,1.4444444444444444,1.4240006242195884,41,41,41,41.0,0.0,20,20,20,20.0,0.0
dac6acc5,instruction_following,Give two tips for staying healthy during winter.,,high_temp,1.2,100,"Volunteering to snowmobiling will help you stay hydrated and increase your overall chances through extended periods of snowmobiling. Additionally, winter jackets can help keep your feet cozy and warm while staying up late for the day.",8.0,10.0,13.0,8.0,14.0,8.0,2.0,2.0,7.0,8.0,4.153311931459037,20,20,20,20.0,0.0,23,23,23,23.0,0.0
db723c92,instruction_following,Name three colors that are found in a rainbow.,,low_temp,0.3,10,"Three colors that are found in a rainbow are blue, yellow, and violet.",1.0,2.0,0.0,0.0,2.0,0.0,6.0,0.0,0.0,1.2222222222222223,1.9860625479688307,81,81,81,81.0,0.0,30,30,30,30.0,0.0
dc6739f9,factual,What is the freezing point of water in Celsius?,,mid_temp,0.7,50,"The freezing point of water in Celsius is 2.6 degrees Celsius, or 126.5 degrees Fahrenheit.",0.0,0.0,0.0,6.0,2.0,0.0,2.0,6.0,0.0,1.7777777777777777,2.5385910352879693,41,41,41,41.0,0.0,21,21,21,21.0,0.0
dcba4c4a,factual,What is the freezing point of water in Celsius?,,low_temp,0.3,10,The freezing point of water in Celsius is 0.025 degrees Celsius.,0.0,9.0,9.0,2.0,10.0,6.0,0.0,0.0,3.0,4.333333333333333,4.21307488658818,20,20,20,20.0,0.0,25,25,25,25.0,0.0
dcd3e284,writing,Write a short thank-you note for a birthday gift.,,high_temp,1.2,100,"Kindest and Sighing,",4.0,6.0,0.0,3.0,7.0,8.0,0.0,6.0,7.0,4.555555555555555,3.0046260628866577,41,41,41,41.0,0.0,21,21,21,21.0,0.0
dd488383,reasoning,Two trains start from the same station in opposite directions. How would you calculate the distance between them after 2 hours?,,mid_temp,0.7,50,Distance between the two trains is 1.875 miles.,50.0,51.0,53.0,55.0,59.0,49.0,54.0,50.0,49.0,52.22222222222222,3.3458099833141217,61,61,61,61.0,0.0,21,21,21,21.0,0.0
dda72680,writing,Rewrite the following paragraph to remove repetition.,The dog ran fast. The dog was happy. The dog barked loudly.,low_temp,0.3,10,The dog ran fast.,0.0,6.0,8.0,5.0,5.0,3.0,0.0,0.0,0.0,3.0,3.122498999199199,41,41,41,41.0,0.0,21,21,21,21.0,0.0
dec1cd47,reasoning,Explain why ice floats on water.,,low_temp,0.3,10,"The ice floats on water are caused by the cold, moist air around the vessel, which freezes the water in the vessel and causes it to expand. This causes the water to expand, which causes the water to rise and float on the surface. This causes the water to expand, which causes the water",15.0,8.0,25.0,14.0,19.0,22.0,11.0,9.0,17.0,15.555555555555555,5.79031758868007,21,21,21,21.0,0.0,21,21,21,21.0,0.0
e03bd92b,reasoning,A car travels 60 miles in 1 hour. How far will it travel in 3 hours at the same speed?,,mid_temp,0.7,50,The car will typically travel in 3 hours at the same speed at which it is travelling in its current state of motion.,0.0,0.0,11.0,5.0,3.0,0.0,0.0,0.0,0.0,2.111111111111111,3.7896056669673577,41,41,41,41.0,0.0,21,21,21,21.0,0.0
e10cb042,factual,What gas do plants absorb from the atmosphere?,,mid_temp,0.7,50,"The main sources of gas in the atmosphere are the sun, the oceans, and the atmosphere itself.",0.0,4.0,0.0,4.0,0.0,5.0,0.0,0.0,0.0,1.4444444444444444,2.185812841434,21,21,21,21.0,0.0,21,21,21,21.0,0.0
e389e672,instruction_following,Name two benefits of reading books regularly.,,high_temp,1.2,100,"Reads have a calming effect on your life, helping you focus and get things done. They also improve your spatial awareness as you progress through books, reduce anxiety while reading or talking, and strengthen your sense of self-worth.",72.0,68.0,71.0,67.0,78.0,74.0,80.0,72.0,69.0,72.33333333333333,4.387482193696061,61,61,61,61.0,0.0,21,21,21,21.0,0.0
e48e6415,reasoning,"If Sarah is older than Tom, and Tom is older than Mike, who is the youngest?",,low_temp,0.3,10,The oldest person to be considered for the role of Tom is Tom Cruise.,0.0,9.0,0.0,8.0,0.0,5.0,0.0,2.0,3.0,3.0,3.570714214271425,0,0,0,0.0,0.0,0,0,0,0.0,0.0
e4f1a324,math,"What is 100 divided by 8, rounded to two decimal places?",,low_temp,0.3,10,"100 divided by 8 is equal to 8, rounded to two decimal places.",0.0,1.0,2.0,0.0,0.0,1.0,2.0,0.0,0.0,0.6666666666666666,0.8660254037844388,41,41,41,41.0,0.0,21,21,21,21.0,0.0
e648d6e1,factual,In which country is the Eiffel Tower located?,,mid_temp,0.7,50,The Eiffel Tower is located in the French-speaking kingdom of France.,100.0,100.0,98.0,100.0,98.0,98.0,96.0,100.0,99.0,98.77777777777776,1.3944333775567923,81,81,81,81.0,0.0,65,65,65,65.0,0.0
e88aa8f8,factual,What is the capital of Australia?,,mid_temp,0.7,50,"The Capital of Australia is 10,848,848.",0.0,0.0,15.0,0.0,6.0,2.0,0.0,0.0,0.0,2.555555555555556,5.0771820705759385,0,0,0,0.0,0.0,21,21,21,21.0,0.0
e8aade90,factual,What is the currency of Japan?,,mid_temp,0.7,50,The Japanese yen is the legal tender of the Japanese yen.,18.0,33.0,29.0,19.0,21.0,14.0,7.0,6.0,11.0,17.555555555555557,9.248122932670055,41,41,41,41.0,0.0,42,42,42,42.0,0.0
ea5f21a8,factual,What is the longest river in the world?,,high_temp,1.2,100,The longest river in the world is the St. Lawrence River.,0.0,7.0,0.0,6.0,6.0,5.0,0.0,0.0,0.0,2.6666666666666665,3.2015621187164247,41,41,41,41.0,0.0,21,21,21,21.0,0.0
ea7d4001,writing,Rewrite this sentence using a metaphor.,She was very happy.,low_temp,0.3,10,She was very happy.,5.0,2.0,0.0,6.0,4.0,2.0,11.0,9.0,7.0,5.111111111111111,3.551212625443753,0,0,0,0.0,0.0,21,21,21,21.0,0.0
eaa02aa1,factual,What is the chemical symbol for gold?,,low_temp,0.3,10,The chemical symbol for gold is the Sulfur Dioxide symbol.,0.0,2.0,8.0,0.0,0.0,0.0,0.0,0.0,0.0,1.1111111111111112,2.666666666666667,20,20,20,20.0,0.0,21,21,21,21.0,0.0
eb2627a6,math,What is 7 multiplied by 9?,,mid_temp,0.7,50,7 is equal to 9 + 1/2 = 40.,0.0,0.0,8.0,6.0,0.0,0.0,0.0,0.0,0.0,1.5555555555555556,3.1269438398822857,20,20,20,20.0,0.0,21,21,21,21.0,0.0
ec0f2e10,factual,Who wrote the novel Pride and Prejudice?,,high_temp,1.2,100,Died,50.0,50.0,44.0,56.0,42.0,62.0,53.0,57.0,54.0,52.0,6.304760106459246,21,21,21,21.0,0.0,0,0,0,0.0,0.0
f07a733a,instruction_following,Explain what a database is in simple terms.,,mid_temp,0.7,50,"A database is a set of documents, databases, and datasets that is organized according to the needs of the user. A database is a set of documents, databases, and datasets that is organized according to the needs of the user. A database is a web-based system that allows users to search,",21.0,20.0,30.0,26.0,19.0,23.0,20.0,22.0,19.0,22.22222222222222,3.666666666666666,41,41,41,41.0,0.0,43,35,35,37.666666666666664,4.618802153517007
f24a8b68,reasoning,Why do we need to wear seatbelts in a moving car?,,low_temp,0.3,10,"It is essential to wear seatbelts in a moving car to maintain safety and comfort. They can help to reduce stress and reduce the amount of time in the car. Additionally, they can help to reduce weight, reduce fatigue, and help to reduce the risk of injury.",13.0,17.0,17.0,14.0,10.0,14.0,9.0,8.0,10.0,12.444444444444445,3.3582402799349804,61,61,61,61.0,0.0,23,23,23,23.0,0.0
f5d8f020,writing,Rewrite the following sentence using a simile.,The car is very fast.,low_temp,0.3,10,The car is very fast.,0.0,2.0,0.0,2.0,4.0,0.0,0.0,0.0,3.0,1.2222222222222223,1.563471919941143,20,20,20,20.0,0.0,21,21,21,21.0,0.0
f5f9ed8d,factual,How many continents are there on Earth?,,mid_temp,0.7,50,"There are four continents on Earth: Antarctica, Asia, Europe, North America, South America and Oceania.",0.0,0.0,9.0,1.0,0.0,3.0,0.0,1.0,1.0,1.6666666666666667,2.91547594742265,81,81,81,81.0,0.0,30,30,30,30.0,0.0
f6744dc0,writing,Write a short farewell message for a coworker leaving the company.,,high_temp,1.2,100,Collaborative Creativity is a feeling I like to carry with me wherever I go. I look forward to continuing this craft with teammates and colleagues.,21.0,19.0,15.0,24.0,15.0,27.0,22.0,19.0,22.0,20.444444444444443,3.9405301391789633,41,41,41,41.0,0.0,32,63,63,52.666666666666664,17.8978583448784
f7ccb9db,math,Solve for x: 2x + 4 = 10.,,mid_temp,0.7,50,x = 2x / 4 = 10,0.0,0.0,0.0,0.0,1.0,5.0,4.0,1.0,0.0,1.2222222222222223,1.922093765778466,41,41,41,41.0,0.0,21,21,21,21.0,0.0
f8c00d1b,factual,Who wrote the play Romeo and Juliet?,,low_temp,0.3,10,"Romeo and Juliet was written by Leonardo da Vinci. It was written by Leonardo da Vinci, who was a renowned Italian Renaissance painter and sculptor.",0.0,2.0,3.0,0.0,0.0,1.0,0.0,0.0,1.0,0.7777777777777778,1.0929064207170005,21,21,21,21.0,0.0,21,21,21,21.0,0.0
f9873750,writing,Rewrite this sentence in the passive voice.,The chef cooked the meal.,mid_temp,0.7,50,The chef used the best ingredients.,0.0,0.0,6.0,4.0,0.0,1.0,1.0,0.0,0.0,1.3333333333333333,2.179449471770337,21,21,21,21.0,0.0,21,21,21,21.0,0.0
f9b793c0,instruction_following,Give two tips for staying healthy during winter.,,low_temp,0.3,10,Stay hydrated during the coldest months of the year. Keep your water intake low and to-the-point. Use sunscreen and other anti-inflammatory and anti-inflammatory products to reduce water intake.,5.0,3.0,6.0,10.0,0.0,4.0,0.0,0.0,7.0,3.888888888888889,3.515837184954831,41,41,41,41.0,0.0,21,23,23,22.333333333333332,1.1547005383792515
f9d014b4,reasoning,"If it is raining, the ground gets wet. The ground is wet. Can we conclude it is raining? Explain.",,mid_temp,0.7,50,"Yes, the ground is wet.",30.0,25.0,22.0,32.0,26.0,32.0,23.0,33.0,26.0,27.666666666666668,4.153311931459037,41,41,41,41.0,0.0,21,21,21,21.0,0.0
fae90015,instruction_following,Explain what a firewall is in simple terms.,,high_temp,1.2,100,"A firewall is a computer network between computers which allows easy communication between computers, allowing for sharing files and data between computers. They can also support data transfer between computers, leaving each computer free to take risks and adjust to each other. This makes for a secure network for all people, as opposed to a",14.0,9.0,15.0,14.0,17.0,11.0,11.0,18.0,13.0,13.555555555555555,2.9202359113225387,41,41,41,41.0,0.0,21,21,21,21.0,0.0
fc59681e,instruction_following,Name two benefits of reading books regularly.,,mid_temp,0.7,50,"Reading books regularly can help you to stay motivated, increase your self-confidence and build your self-esteem. It can also help you to stay motivated and increase your self-awareness.",65.0,57.0,68.0,64.0,61.0,74.0,60.0,68.0,71.0,65.33333333333333,5.477225575051662,61,61,61,61.0,0.0,21,30,30,27.0,5.196152422706632
fc70d042,factual,What is the capital of Japan?,,mid_temp,0.7,50,Japan is the largest nation of the world.,0.0,8.0,13.0,3.0,1.0,1.0,0.0,0.0,2.0,3.111111111111111,4.48454134902457,20,20,20,20.0,0.0,21,21,21,21.0,0.0
fc909d22,math,Solve for x: 5x = 45.,,high_temp,1.2,100,3x = 1272.,0.0,4.0,1.0,4.0,0.0,0.0,1.0,0.0,0.0,1.1111111111111112,1.69148192751537,20,20,20,20.0,0.0,0,0,0,0.0,0.0
fd0ed9f0,factual,What is the largest ocean on Earth?,,mid_temp,0.7,50,"The largest ocean on Earth is the Atacama Desert in the Pacific Ocean, about 16,000 km2 (12,000 miles) off the coast of the U.S.",3.0,2.0,9.0,0.0,0.0,0.0,0.0,5.0,0.0,2.111111111111111,3.1402406135694623,20,20,20,20.0,0.0,0,0,0,0.0,0.0
fe6ce878,instruction_following,Translate the word 'goodbye' into German.,,mid_temp,0.7,50,Goodbye is the third syllable of the verb 'to be' in the verb 'to be'.,0.0,0.0,0.0,0.0,6.0,2.0,0.0,0.0,0.0,0.8888888888888888,2.0275875100994063,20,20,20,20.0,0.0,0,0,0,0.0,0.0
ff489456,reasoning,"If a plant is kept in a dark room, what will happen to it over time?",,mid_temp,0.7,50,"The plants will grow and die over time. As the plants grow, they will slowly decompose and eventually decompose. Eventually, they will be taken out of their dormant state and placed in a sanitarium where they will be kept for a week or two. As the plants decompose, they",10.0,16.0,12.0,8.0,11.0,11.0,12.0,15.0,12.0,11.88888888888889,2.420973174388992,41,41,41,41.0,0.0,21,21,21,21.0,0.0
ffd18f30,instruction_following,Give one tip for saving money each month.,,mid_temp,0.7,50,"One tip for saving money each month is to make a budget list. To do this, follow these tips:
- Keep track of your expenses and expenses on your savings plan.
- Check your savings regularly to make sure you have enough money left over in your savings account to cover the expenses you",10.0,18.0,3.0,11.0,10.0,11.0,2.0,9.0,6.0,8.88888888888889,4.8074017006186525,41,41,41,41.0,0.0,43,43,43,43.0,0.0
